state_Qld,state_NSW,state_NT,state_WA,state_Vic,state_SA,state_Tas,state_ACT,tenure_PRIV,tenure_LEASE,tenure_NCR,tenure_OCL,tenure_MUF,tenure_ND,prior_burns,pixel_count,fires,fire_rate
0,0,0,0,0,0,0,1,0,0,0,0,1,0,0,12,0,0.0
0,0,0,0,0,0,0,1,0,0,0,0,1,0,1,18,0,0.0
0,0,0,0,0,0,0,1,0,0,0,1,0,0,0,8,0,0.0
0,0,0,0,0,0,0,1,0,0,0,1,0,0,1,7,0,0.0
0,0,0,0,0,0,0,1,0,0,1,0,0,0,0,12,0,0.0
0,0,0,0,0,0,0,1,0,0,1,0,0,0,1,26,0,0.0
0,0,0,0,0,0,0,1,0,0,1,0,0,0,2,6,0,0.0
0,0,0,0,0,0,0,1,0,1,0,0,0,0,0,10,0,0.0
0,0,0,0,0,0,0,1,0,1,0,0,0,0,1,10,0,0.0
0,0,0,0,0,0,0,1,1,0,0,0,0,0,0,5,0,0.0
0,0,0,0,0,0,0,1,1,0,0,0,0,0,1,2,0,0.0
0,0,0,0,0,0,0,1,1,0,0,0,0,0,2,1,0,0.0
0,0,0,0,0,0,1,0,0,0,0,0,1,0,0,108,0,0.0
0,0,0,0,0,0,1,0,0,0,0,0,1,0,1,257,0,0.0
0,0,0,0,0,0,1,0,0,0,0,0,1,0,2,78,0,0.0
0,0,0,0,0,0,1,0,0,0,0,0,1,0,3,1,0,0.0
0,0,0,0,0,0,1,0,0,0,0,1,0,0,0,105,0,0.0
0,0,0,0,0,0,1,0,0,0,0,1,0,0,1,124,0,0.0
0,0,0,0,0,0,1,0,0,0,0,1,0,0,2,17,0,0.0
0,0,0,0,0,0,1,0,0,0,1,0,0,0,0,123,0,0.0
0,0,0,0,0,0,1,0,0,0,1,0,0,0,1,185,0,0.0
0,0,0,0,0,0,1,0,0,0,1,0,0,0,2,14,0,0.0
0,0,0,0,0,0,1,0,0,1,0,0,0,0,0,24,0,0.0
0,0,0,0,0,0,1,0,0,1,0,0,0,0,1,4,0,0.0
0,0,0,0,0,0,1,0,1,0,0,0,0,0,0,127,0,0.0
0,0,0,0,0,0,1,0,1,0,0,0,0,0,1,275,0,0.0
0,0,0,0,0,0,1,0,1,0,0,0,0,0,2,67,1,0.014925373134328358
0,0,0,0,0,1,0,0,0,0,0,0,0,1,0,11,0,0.0
0,0,0,0,0,1,0,0,0,0,0,0,1,0,0,36,0,0.0
0,0,0,0,0,1,0,0,0,0,0,0,1,0,1,29,0,0.0
0,0,0,0,0,1,0,0,0,0,0,1,0,0,0,53,0,0.0
0,0,0,0,0,1,0,0,0,0,0,1,0,0,1,50,0,0.0
0,0,0,0,0,1,0,0,0,0,0,1,0,0,2,3,0,0.0
0,0,0,0,0,1,0,0,0,0,1,0,0,0,0,53,0,0.0
0,0,0,0,0,1,0,0,0,0,1,0,0,0,1,145,0,0.0
0,0,0,0,0,1,0,0,0,0,1,0,0,0,2,22,7,0.3181818181818182
0,0,0,0,0,1,0,0,0,0,1,0,0,0,3,1,0,0.0
0,0,0,0,0,1,0,0,0,1,0,0,0,0,0,49,0,0.0
0,0,0,0,0,1,0,0,0,1,0,0,0,0,1,54,0,0.0
0,0,0,0,0,1,0,0,0,1,0,0,0,0,2,3,0,0.0
0,0,0,0,0,1,0,0,1,0,0,0,0,0,0,60,0,0.0
0,0,0,0,0,1,0,0,1,0,0,0,0,0,1,138,0,0.0
0,0,0,0,0,1,0,0,1,0,0,0,0,0,2,24,0,0.0
0,0,0,0,1,0,0,0,0,0,0,0,1,0,0,72,0,0.0
0,0,0,0,1,0,0,0,0,0,0,0,1,0,1,253,0,0.0
0,0,0,0,1,0,0,0,0,0,0,0,1,0,2,118,0,0.0
0,0,0,0,1,0,0,0,0,0,0,0,1,0,3,10,0,0.0
0,0,0,0,1,0,0,0,0,0,0,1,0,0,0,74,0,0.0
0,0,0,0,1,0,0,0,0,0,0,1,0,0,1,105,0,0.0
0,0,0,0,1,0,0,0,0,0,0,1,0,0,2,15,0,0.0
0,0,0,0,1,0,0,0,0,0,0,1,0,0,3,1,0,0.0
0,0,0,0,1,0,0,0,0,0,1,0,0,0,0,83,0,0.0
0,0,0,0,1,0,0,0,0,0,1,0,0,0,1,265,0,0.0
0,0,0,0,1,0,0,0,0,0,1,0,0,0,2,120,2,0.016666666666666666
0,0,0,0,1,0,0,0,0,0,1,0,0,0,3,14,0,0.0
0,0,0,0,1,0,0,0,0,0,1,0,0,0,4,1,0,0.0
0,0,0,0,1,0,0,0,0,0,1,0,0,0,5,1,0,0.0
0,0,0,0,1,0,0,0,0,1,0,0,0,0,0,15,0,0.0
0,0,0,0,1,0,0,0,0,1,0,0,0,0,1,1,0,0.0
0,0,0,0,1,0,0,0,1,0,0,0,0,0,0,84,0,0.0
0,0,0,0,1,0,0,0,1,0,0,0,0,0,1,201,0,0.0
0,0,0,0,1,0,0,0,1,0,0,0,0,0,2,39,0,0.0
0,0,0,1,0,0,0,0,0,0,0,0,1,0,0,28,0,0.0
0,0,0,1,0,0,0,0,0,0,0,0,1,0,1,136,0,0.0
0,0,0,1,0,0,0,0,0,0,0,0,1,0,2,128,3,0.0234375
0,0,0,1,0,0,0,0,0,0,0,0,1,0,3,22,0,0.0
0,0,0,1,0,0,0,0,0,0,0,0,1,0,4,5,0,0.0
0,0,0,1,0,0,0,0,0,0,0,0,1,0,5,1,0,0.0
0,0,0,1,0,0,0,0,0,0,0,1,0,0,0,62,0,0.0
0,0,0,1,0,0,0,0,0,0,0,1,0,0,1,209,0,0.0
0,0,0,1,0,0,0,0,0,0,0,1,0,0,2,118,7,0.059322033898305086
0,0,0,1,0,0,0,0,0,0,0,1,0,0,3,77,13,0.16883116883116883
0,0,0,1,0,0,0,0,0,0,0,1,0,0,4,20,8,0.4
0,0,0,1,0,0,0,0,0,0,0,1,0,0,5,1,0,0.0
0,0,0,1,0,0,0,0,0,0,1,0,0,0,0,59,0,0.0
0,0,0,1,0,0,0,0,0,0,1,0,0,0,1,257,0,0.0
0,0,0,1,0,0,0,0,0,0,1,0,0,0,2,251,12,0.04780876494023904
0,0,0,1,0,0,0,0,0,0,1,0,0,0,3,172,25,0.14534883720930233
0,0,0,1,0,0,0,0,0,0,1,0,0,0,4,103,25,0.24271844660194175
0,0,0,1,0,0,0,0,0,0,1,0,0,0,5,24,4,0.16666666666666666
0,0,0,1,0,0,0,0,0,1,0,0,0,0,0,45,0,0.0
0,0,0,1,0,0,0,0,0,1,0,0,0,0,1,85,0,0.0
0,0,0,1,0,0,0,0,0,1,0,0,0,0,2,63,1,0.015873015873015872
0,0,0,1,0,0,0,0,0,1,0,0,0,0,3,26,0,0.0
0,0,0,1,0,0,0,0,0,1,0,0,0,0,4,5,0,0.0
0,0,0,1,0,0,0,0,1,0,0,0,0,0,0,64,0,0.0
0,0,0,1,0,0,0,0,1,0,0,0,0,0,1,165,0,0.0
0,0,0,1,0,0,0,0,1,0,0,0,0,0,2,79,2,0.02531645569620253
0,0,0,1,0,0,0,0,1,0,0,0,0,0,3,32,0,0.0
0,0,0,1,0,0,0,0,1,0,0,0,0,0,4,9,0,0.0
0,0,1,0,0,0,0,0,0,0,0,0,0,1,0,18,0,0.0
0,0,1,0,0,0,0,0,0,0,0,0,0,1,1,86,0,0.0
0,0,1,0,0,0,0,0,0,0,0,0,0,1,2,149,2,0.013422818791946308
0,0,1,0,0,0,0,0,0,0,0,0,0,1,3,115,9,0.0782608695652174
0,0,1,0,0,0,0,0,0,0,0,0,0,1,4,30,4,0.13333333333333333
0,0,1,0,0,0,0,0,0,0,0,0,0,1,5,2,0,0.0
0,0,1,0,0,0,0,0,0,0,0,1,0,0,0,40,0,0.0
0,0,1,0,0,0,0,0,0,0,0,1,0,0,1,236,0,0.0
0,0,1,0,0,0,0,0,0,0,0,1,0,0,2,515,14,0.027184466019417475
0,0,1,0,0,0,0,0,0,0,0,1,0,0,3,689,52,0.07547169811320754
0,0,1,0,0,0,0,0,0,0,0,1,0,0,4,457,96,0.2100656455142232
0,0,1,0,0,0,0,0,0,0,0,1,0,0,5,134,36,0.26865671641791045
0,0,1,0,0,0,0,0,0,0,1,0,0,0,0,24,0,0.0
0,0,1,0,0,0,0,0,0,0,1,0,0,0,1,85,0,0.0
0,0,1,0,0,0,0,0,0,0,1,0,0,0,2,112,0,0.0
0,0,1,0,0,0,0,0,0,0,1,0,0,0,3,146,15,0.10273972602739725
0,0,1,0,0,0,0,0,0,0,1,0,0,0,4,101,22,0.21782178217821782
0,0,1,0,0,0,0,0,0,0,1,0,0,0,5,29,8,0.27586206896551724
0,0,1,0,0,0,0,0,0,1,0,0,0,0,0,64,0,0.0
0,0,1,0,0,0,0,0,0,1,0,0,0,0,1,406,0,0.0
0,0,1,0,0,0,0,0,0,1,0,0,0,0,2,1009,43,0.04261645193260654
0,0,1,0,0,0,0,0,0,1,0,0,0,0,3,1273,154,0.12097407698350353
0,0,1,0,0,0,0,0,0,1,0,0,0,0,4,873,216,0.24742268041237114
0,0,1,0,0,0,0,0,0,1,0,0,0,0,5,254,90,0.3543307086614173
0,0,1,0,0,0,0,0,1,0,0,0,0,0,0,72,0,0.0
0,0,1,0,0,0,0,0,1,0,0,0,0,0,1,556,0,0.0
0,0,1,0,0,0,0,0,1,0,0,0,0,0,2,1566,75,0.04789272030651341
0,0,1,0,0,0,0,0,1,0,0,0,0,0,3,2342,331,0.14133219470538003
0,0,1,0,0,0,0,0,1,0,0,0,0,0,4,1578,454,0.2877059569074778
0,0,1,0,0,0,0,0,1,0,0,0,0,0,5,441,200,0.45351473922902497
0,1,0,0,0,0,0,0,0,0,0,0,0,1,0,58,0,0.0
0,1,0,0,0,0,0,0,0,0,0,0,0,1,1,51,0,0.0
0,1,0,0,0,0,0,0,0,0,0,0,1,0,0,82,0,0.0
0,1,0,0,0,0,0,0,0,0,0,0,1,0,1,244,0,0.0
0,1,0,0,0,0,0,0,0,0,0,0,1,0,2,127,3,0.023622047244094488
0,1,0,0,0,0,0,0,0,0,0,0,1,0,3,24,0,0.0
0,1,0,0,0,0,0,0,0,0,0,1,0,0,0,94,0,0.0
0,1,0,0,0,0,0,0,0,0,0,1,0,0,1,228,0,0.0
0,1,0,0,0,0,0,0,0,0,0,1,0,0,2,81,0,0.0
0,1,0,0,0,0,0,0,0,0,0,1,0,0,3,11,0,0.0
0,1,0,0,0,0,0,0,0,0,1,0,0,0,0,97,0,0.0
0,1,0,0,0,0,0,0,0,0,1,0,0,0,1,408,0,0.0
0,1,0,0,0,0,0,0,0,0,1,0,0,0,2,165,1,0.006060606060606061
0,1,0,0,0,0,0,0,0,0,1,0,0,0,3,10,0,0.0
0,1,0,0,0,0,0,0,0,1,0,0,0,0,0,80,0,0.0
0,1,0,0,0,0,0,0,0,1,0,0,0,0,1,86,0,0.0
0,1,0,0,0,0,0,0,0,1,0,0,0,0,2,24,0,0.0
0,1,0,0,0,0,0,0,1,0,0,0,0,0,0,102,0,0.0
0,1,0,0,0,0,0,0,1,0,0,0,0,0,1,408,0,0.0
0,1,0,0,0,0,0,0,1,0,0,0,0,0,2,200,6,0.03
0,1,0,0,0,0,0,0,1,0,0,0,0,0,3,32,0,0.0
0,1,0,0,0,0,0,0,1,0,0,0,0,0,4,5,0,0.0
1,0,0,0,0,0,0,0,0,0,0,0,0,1,0,72,0,0.0
1,0,0,0,0,0,0,0,0,0,0,0,0,1,1,84,0,0.0
1,0,0,0,0,0,0,0,0,0,0,0,0,1,2,13,0,0.0
1,0,0,0,0,0,0,0,0,0,0,0,0,1,3,2,0,0.0
1,0,0,0,0,0,0,0,0,0,0,0,1,0,0,81,0,0.0
1,0,0,0,0,0,0,0,0,0,0,0,1,0,1,357,0,0.0
1,0,0,0,0,0,0,0,0,0,0,0,1,0,2,285,26,0.0912280701754386
1,0,0,0,0,0,0,0,0,0,0,0,1,0,3,45,15,0.3333333333333333
1,0,0,0,0,0,0,0,0,0,0,1,0,0,0,95,0,0.0
1,0,0,0,0,0,0,0,0,0,0,1,0,0,1,405,0,0.0
1,0,0,0,0,0,0,0,0,0,0,1,0,0,2,379,19,0.05013192612137203
1,0,0,0,0,0,0,0,0,0,0,1,0,0,3,233,29,0.12446351931330472
1,0,0,0,0,0,0,0,0,0,0,1,0,0,4,65,17,0.26153846153846155
1,0,0,0,0,0,0,0,0,0,0,1,0,0,5,7,3,0.42857142857142855
1,0,0,0,0,0,0,0,0,0,1,0,0,0,0,99,0,0.0
1,0,0,0,0,0,0,0,0,0,1,0,0,0,1,591,0,0.0
1,0,0,0,0,0,0,0,0,0,1,0,0,0,2,817,50,0.06119951040391677
1,0,0,0,0,0,0,0,0,0,1,0,0,0,3,486,80,0.1646090534979424
1,0,0,0,0,0,0,0,0,0,1,0,0,0,4,220,70,0.3181818181818182
1,0,0,0,0,0,0,0,0,0,1,0,0,0,5,42,20,0.47619047619047616
1,0,0,0,0,0,0,0,0,1,0,0,0,0,0,98,0,0.0
1,0,0,0,0,0,0,0,0,1,0,0,0,0,1,616,0,0.0
1,0,0,0,0,0,0,0,0,1,0,0,0,0,2,1192,69,0.057885906040268456
1,0,0,0,0,0,0,0,0,1,0,0,0,0,3,1272,205,0.1611635220125786
1,0,0,0,0,0,0,0,0,1,0,0,0,0,4,762,210,0.2755905511811024
1,0,0,0,0,0,0,0,0,1,0,0,0,0,5,218,97,0.44495412844036697
1,0,0,0,0,0,0,0,1,0,0,0,0,0,0,108,0,0.0
1,0,0,0,0,0,0,0,1,0,0,0,0,0,1,705,0,0.0
1,0,0,0,0,0,0,0,1,0,0,0,0,0,2,1466,82,0.05593451568894952
1,0,0,0,0,0,0,0,1,0,0,0,0,0,3,1825,256,0.14027397260273972
1,0,0,0,0,0,0,0,1,0,0,0,0,0,4,1314,328,0.2496194824961948
1,0,0,0,0,0,0,0,1,0,0,0,0,0,5,392,156,0.3979591836734694
