x,y,month,day,ffmc,dmc,dc,isi,temp,rh,wind,rain,area,area_log,month_num,day_fri,day_mon,day_sat,day_sun,day_thu,day_tue,day_wed,temp_rh_ratio,dc_isi_interaction
7,5.0,mar,fri,86.2,26.2,94.3,5.1,8.2,51,6.7,0.0,0.0,0.0,3,1,0,0,0,0,0,0,0.1576923076923077,480.92999999999995
7,4.0,oct,tue,90.6,35.4,669.1,6.7,18.0,33,0.9,0.0,0.0,0.0,10,0,0,0,0,0,1,0,0.5294117647058824,4482.97
7,4.0,oct,sat,90.6,43.7,686.9,6.7,14.6,33,1.3,0.0,0.0,0.0,10,0,0,1,0,0,0,0,0.4294117647058823,4602.23
8,6.0,mar,fri,91.7,33.3,77.5,9.0,8.3,83,4.0,0.0,0.0,0.0,3,1,0,0,0,0,0,0,0.09880952380952382,697.5
8,6.0,mar,sun,89.3,51.3,102.2,9.6,11.4,83,1.8,0.0,0.0,0.0,3,0,0,0,1,0,0,0,0.13571428571428573,981.12
8,6.0,aug,sun,92.3,85.3,488.0,14.7,22.2,29,5.4,0.0,0.0,0.0,8,0,0,0,1,0,0,0,0.74,7173.599999999999
8,6.0,aug,mon,92.3,88.9,495.6,8.5,24.1,27,3.1,0.0,0.0,0.0,8,0,1,0,0,0,0,0,0.8607142857142858,4212.6
8,6.0,aug,mon,91.5,145.4,608.2,10.7,8.0,83,2.2,0.0,0.0,0.0,8,0,1,0,0,0,0,0,0.09523809523809523,6507.74
8,6.0,sep,tue,91.0,129.5,692.6,7.0,13.1,63,5.4,0.0,0.0,0.0,9,0,0,0,0,0,1,0,0.2046875,4848.2
7,5.0,sep,sat,92.5,88.0,698.6,7.1,22.8,40,4.0,0.0,0.0,0.0,9,0,0,1,0,0,0,0,0.5560975609756098,4960.0599999999995
7,5.0,sep,sat,92.5,88.0,698.6,7.1,17.8,51,7.2,0.0,0.0,0.0,9,0,0,1,0,0,0,0,0.3423076923076923,4960.0599999999995
7,5.0,sep,sat,92.8,73.2,713.0,17.9,19.3,38,4.0,0.0,0.0,0.0,9,0,0,1,0,0,0,0,0.4948717948717949,12762.699999999999
6,5.0,aug,fri,86.15,70.8,665.3,0.8,17.0,72,6.7,0.0,0.0,0.0,8,1,0,0,0,0,0,0,0.2328767123287671,532.24
6,5.0,sep,mon,90.9,126.5,686.5,7.0,21.3,42,2.2,0.0,0.0,0.0,9,0,1,0,0,0,0,0,0.49534883720930234,4805.5
6,5.0,sep,wed,92.9,133.3,699.6,9.2,26.4,21,4.5,0.0,0.0,0.0,9,0,0,0,0,0,0,1,1.2,6436.32
6,5.0,sep,fri,93.3,141.2,713.9,13.9,22.9,44,5.4,0.0,0.0,0.0,9,1,0,0,0,0,0,0,0.5088888888888888,9923.21
5,5.0,mar,sat,91.7,35.8,80.8,7.8,15.1,27,5.4,0.0,0.0,0.0,3,0,0,1,0,0,0,0,0.5392857142857143,630.24
8,5.0,oct,mon,86.15,32.8,664.2,3.0,16.7,47,4.9,0.0,0.0,0.0,10,0,1,0,0,0,0,0,0.34791666666666665,1992.6000000000001
6,4.0,mar,wed,89.2,27.9,70.8,6.3,15.9,35,4.0,0.0,0.0,0.0,3,0,0,0,0,0,0,1,0.44166666666666665,446.03999999999996
6,4.0,apr,sat,86.3,27.4,97.1,5.1,9.3,44,4.5,0.0,0.0,0.0,4,0,0,1,0,0,0,0,0.2066666666666667,495.2099999999999
6,4.0,sep,tue,91.0,129.5,692.6,7.0,18.3,40,2.7,0.0,0.0,0.0,9,0,0,0,0,0,1,0,0.44634146341463415,4848.2
5,4.0,sep,mon,91.8,78.5,724.3,9.2,19.1,38,2.7,0.0,0.0,0.0,9,0,1,0,0,0,0,0,0.4897435897435898,6663.5599999999995
7,4.0,jun,sun,94.3,96.3,200.0,17.9,21.0,44,4.5,0.0,0.0,0.0,6,0,0,0,1,0,0,0,0.4666666666666667,3579.9999999999995
7,4.0,aug,sat,90.2,110.9,537.4,6.2,19.5,43,5.8,0.0,0.0,0.0,8,0,0,1,0,0,0,0,0.4431818181818182,3331.88
7,4.0,aug,sat,93.5,139.4,594.2,17.9,23.7,32,5.8,0.0,0.0,0.0,8,0,0,1,0,0,0,0,0.7181818181818181,10636.18
7,4.0,aug,sun,91.4,142.4,601.4,10.6,16.3,60,5.4,0.0,0.0,0.0,8,0,0,0,1,0,0,0,0.26721311475409837,6374.839999999999
7,4.0,sep,fri,92.4,117.9,668.0,12.2,19.0,34,5.8,0.0,0.0,0.0,9,1,0,0,0,0,0,0,0.5428571428571428,8149.599999999999
7,4.0,sep,mon,90.9,126.5,686.5,7.0,19.4,48,1.3,0.0,0.0,0.0,9,0,1,0,0,0,0,0,0.39591836734693875,4805.5
6,3.0,sep,sat,93.4,145.4,721.4,8.1,30.2,24,2.7,0.0,0.0,0.0,9,0,0,1,0,0,0,0,1.208,5843.339999999999
6,3.0,sep,sun,93.5,149.3,728.6,8.1,22.8,39,3.6,0.0,0.0,0.0,9,0,0,0,1,0,0,0,0.5700000000000001,5901.66
6,3.0,sep,fri,94.3,85.1,692.3,15.9,25.4,24,3.6,0.0,0.0,0.0,9,1,0,0,0,0,0,0,1.016,11007.57
6,3.0,sep,mon,88.6,91.8,709.9,7.1,11.2,78,7.6,0.0,0.0,0.0,9,0,1,0,0,0,0,0,0.14177215189873416,5040.29
6,3.0,sep,fri,88.6,69.7,706.8,5.8,20.6,37,1.8,0.0,0.0,0.0,9,1,0,0,0,0,0,0,0.5421052631578948,4099.44
6,3.0,sep,sun,91.7,75.6,718.3,7.8,17.7,39,3.6,0.0,0.0,0.0,9,0,0,0,1,0,0,0,0.4425,5602.74
6,3.0,sep,mon,91.8,78.5,724.3,9.2,21.2,32,2.7,0.0,0.0,0.0,9,0,1,0,0,0,0,0,0.6424242424242425,6663.5599999999995
6,3.0,sep,tue,90.3,80.7,730.2,6.3,18.2,62,4.5,0.0,0.0,0.0,9,0,0,0,0,0,1,0,0.28888888888888886,4600.26
6,3.0,oct,tue,90.6,35.4,669.1,6.7,21.7,24,4.5,0.0,0.0,0.0,10,0,0,0,0,0,1,0,0.868,4482.97
7,4.0,oct,fri,90.0,41.5,682.6,8.7,11.3,60,5.4,0.0,0.0,0.0,10,1,0,0,0,0,0,0,0.18524590163934426,5938.62
7,3.0,oct,sat,90.6,43.7,686.9,6.7,17.8,27,4.0,0.0,0.0,0.0,10,0,0,1,0,0,0,0,0.6357142857142858,4602.23
4,4.0,mar,tue,88.1,25.7,67.6,3.8,14.1,43,2.7,0.0,0.0,0.0,3,0,0,0,0,0,1,0,0.32045454545454544,256.87999999999994
4,4.0,jul,tue,86.15,60.6,366.7,1.5,23.3,37,3.1,0.0,0.0,0.0,7,0,0,0,0,0,1,0,0.6131578947368421,550.05
4,4.0,aug,sat,90.2,96.9,624.2,8.9,18.4,42,6.7,0.0,0.0,0.0,8,0,0,1,0,0,0,0,0.42790697674418604,5555.380000000001
4,4.0,aug,tue,94.8,108.3,647.1,17.0,16.6,54,5.4,0.0,0.0,0.0,8,0,0,0,0,0,1,0,0.3018181818181818,11000.7
4,4.0,sep,sat,92.5,88.0,698.6,7.1,19.6,48,2.7,0.0,0.0,0.0,9,0,0,1,0,0,0,0,0.4,4960.0599999999995
4,4.0,sep,wed,90.1,82.9,735.7,6.2,12.9,74,4.9,0.0,0.0,0.0,9,0,0,0,0,0,0,1,0.17200000000000001,4561.34
5,6.0,sep,wed,94.3,85.1,692.3,15.9,25.9,24,4.0,0.0,0.0,0.0,9,0,0,0,0,0,0,1,1.036,11007.57
5,6.0,sep,mon,90.9,126.5,686.5,7.0,14.7,70,3.6,0.0,0.0,0.0,9,0,1,0,0,0,0,0,0.20704225352112676,4805.5
6,6.0,jul,mon,94.2,62.3,442.9,11.0,23.0,36,3.1,0.0,0.0,0.0,7,0,1,0,0,0,0,0,0.6216216216216216,4871.9
4,4.0,mar,mon,87.2,23.9,64.7,4.1,11.8,35,1.8,0.0,0.0,0.0,3,0,1,0,0,0,0,0,0.3277777777777778,265.27
4,4.0,mar,mon,87.6,52.2,103.8,5.0,11.0,46,5.8,0.0,0.0,0.0,3,0,1,0,0,0,0,0,0.23404255319148937,519.0
4,4.0,sep,thu,92.9,137.0,706.4,9.2,20.8,17,1.3,0.0,0.0,0.0,9,0,0,0,0,1,0,0,1.1555555555555557,6498.879999999999
4,3.0,aug,sun,90.2,99.6,631.2,6.3,21.5,34,2.2,0.0,0.0,0.0,8,0,0,0,1,0,0,0,0.6142857142857143,3976.5600000000004
4,3.0,aug,wed,92.1,111.2,654.1,9.6,20.4,42,4.9,0.0,0.0,0.0,8,0,0,0,0,0,0,1,0.47441860465116276,6279.36
4,3.0,aug,thu,91.7,114.3,661.3,6.3,17.6,45,3.6,0.0,0.0,0.0,8,0,0,0,0,1,0,0,0.3826086956521739,4166.19
4,3.0,sep,thu,92.9,137.0,706.4,9.2,27.7,24,2.2,0.0,0.0,0.0,9,0,0,0,0,1,0,0,1.1079999999999999,6498.879999999999
4,3.0,sep,tue,90.3,80.7,730.2,6.3,17.8,63,4.9,0.0,0.0,0.0,9,0,0,0,0,0,1,0,0.278125,4600.26
4,3.0,oct,sun,92.6,46.5,691.8,8.8,13.8,50,2.7,0.0,0.0,0.0,10,0,0,0,1,0,0,0,0.2705882352941177,6087.84
2,2.5,feb,mon,86.15,9.3,34.0,2.1,13.9,40,5.4,0.0,0.0,0.0,2,0,1,0,0,0,0,0,0.33902439024390246,71.4
2,2.5,feb,fri,86.6,13.2,43.0,5.3,12.3,51,0.9,0.0,0.0,0.0,2,1,0,0,0,0,0,0,0.23653846153846156,227.9
2,2.5,mar,sun,89.3,51.3,102.2,9.6,11.5,39,5.8,0.0,0.0,0.0,3,0,0,0,1,0,0,0,0.2875,981.12
2,2.5,mar,sun,89.3,51.3,102.2,9.6,5.5,59,6.3,0.0,0.0,0.0,3,0,0,0,1,0,0,0,0.09166666666666666,981.12
2,2.5,aug,thu,93.0,75.3,466.6,7.7,18.8,35,4.9,0.0,0.0,0.0,8,0,0,0,0,1,0,0,0.5222222222222223,3592.82
2,2.5,aug,sun,90.2,99.6,631.2,6.3,20.8,33,2.7,0.0,0.0,0.0,8,0,0,0,1,0,0,0,0.611764705882353,3976.5600000000004
2,2.5,aug,mon,91.1,103.2,638.8,5.8,23.1,31,3.1,0.0,0.0,0.0,8,0,1,0,0,0,0,0,0.721875,3705.0399999999995
2,2.5,aug,thu,91.7,114.3,661.3,6.3,18.6,44,4.5,0.0,0.0,0.0,8,0,0,0,0,1,0,0,0.4133333333333334,4166.19
2,2.5,sep,fri,92.4,117.9,668.0,12.2,23.0,37,4.5,0.0,0.0,0.0,9,1,0,0,0,0,0,0,0.6052631578947368,8149.599999999999
2,2.5,sep,fri,92.4,117.9,668.0,12.2,19.6,33,5.4,0.0,0.0,0.0,9,1,0,0,0,0,0,0,0.5764705882352942,8149.599999999999
2,2.5,sep,fri,92.4,117.9,668.0,12.2,19.6,33,6.3,0.0,0.0,0.0,9,1,0,0,0,0,0,0,0.5764705882352942,8149.599999999999
4,5.0,mar,fri,91.7,33.3,77.5,9.0,17.2,26,4.5,0.0,0.0,0.0,3,1,0,0,0,0,0,0,0.637037037037037,697.5
4,5.0,mar,fri,91.2,48.3,97.8,12.5,15.8,27,7.6,0.0,0.0,0.0,3,1,0,0,0,0,0,0,0.5642857142857143,1222.5
4,5.0,sep,fri,94.3,85.1,692.3,15.9,17.7,37,3.6,0.0,0.0,0.0,9,1,0,0,0,0,0,0,0.46578947368421053,11007.57
5,4.0,mar,fri,91.7,33.3,77.5,9.0,15.6,25,6.3,0.0,0.0,0.0,3,1,0,0,0,0,0,0,0.6,697.5
5,4.0,aug,tue,88.8,147.3,614.5,9.0,17.3,43,4.5,0.0,0.0,0.0,8,0,0,0,0,0,1,0,0.3931818181818182,5530.5
5,4.0,sep,fri,93.3,141.2,713.9,13.9,27.6,30,1.3,0.0,0.0,0.0,9,1,0,0,0,0,0,0,0.8903225806451613,9923.21
9,6.5,feb,thu,86.15,6.8,31.399999999999977,7.7,6.7,79,3.1,0.0,0.0,0.0,2,0,0,0,0,1,0,0,0.08375,241.77999999999983
9,6.5,feb,fri,86.6,13.2,43.0,5.3,15.7,43,3.1,0.0,0.0,0.0,2,1,0,0,0,0,0,0,0.3568181818181818,227.9
1,3.0,mar,mon,87.6,52.2,103.8,5.0,8.3,72,3.1,0.0,0.0,0.0,3,0,1,0,0,0,0,0,0.1136986301369863,519.0
1,2.5,aug,fri,90.1,108.0,529.8,12.5,14.7,66,2.7,0.0,0.0,0.0,8,1,0,0,0,0,0,0,0.21940298507462686,6622.499999999999
1,2.5,aug,tue,91.0,121.2,561.6,7.0,21.6,19,6.7,0.0,0.0,0.0,8,0,0,0,0,0,1,0,1.08,3931.2000000000003
1,2.5,aug,sun,91.4,142.4,601.4,10.6,19.5,39,6.3,0.0,0.0,0.0,8,0,0,0,1,0,0,0,0.4875,6374.839999999999
1,2.5,aug,sun,90.2,99.6,631.2,6.3,17.9,44,2.2,0.0,0.0,0.0,8,0,0,0,1,0,0,0,0.39777777777777773,3976.5600000000004
1,2.5,aug,tue,94.8,108.3,647.1,17.0,18.6,51,4.5,0.0,0.0,0.0,8,0,0,0,0,0,1,0,0.3576923076923077,11000.7
1,2.5,aug,wed,92.1,111.2,654.1,9.6,16.6,47,0.9,0.0,0.0,0.0,8,0,0,0,0,0,0,1,0.3458333333333334,6279.36
1,2.5,aug,thu,91.7,114.3,661.3,6.3,20.2,45,3.6,0.0,0.0,0.0,8,0,0,0,0,1,0,0,0.43913043478260866,4166.19
1,2.5,sep,thu,92.9,137.0,706.4,9.2,21.5,15,0.9,0.0,0.0,0.0,9,0,0,0,0,1,0,0,1.34375,6498.879999999999
1,2.5,sep,thu,92.9,137.0,706.4,9.2,25.4,27,2.2,0.0,0.0,0.0,9,0,0,0,0,1,0,0,0.9071428571428571,6498.879999999999
1,2.5,sep,thu,92.9,137.0,706.4,9.2,22.4,34,2.2,0.0,0.0,0.0,9,0,0,0,0,1,0,0,0.64,6498.879999999999
1,2.5,sep,sun,93.5,149.3,728.6,8.1,25.3,36,3.6,0.0,0.0,0.0,9,0,0,0,1,0,0,0,0.6837837837837838,5901.66
6,5.0,mar,sat,91.7,35.8,80.8,7.8,17.4,25,4.9,0.0,0.0,0.0,3,0,0,1,0,0,0,0,0.6692307692307692,630.24
6,5.0,aug,sat,90.2,96.9,624.2,8.9,14.7,59,5.8,0.0,0.0,0.0,8,0,0,1,0,0,0,0,0.245,5555.380000000001
8,6.0,mar,fri,91.7,35.8,80.8,7.8,17.4,24,5.4,0.0,0.0,0.0,3,1,0,0,0,0,0,0,0.696,630.24
8,6.0,aug,sun,92.3,85.3,488.0,14.7,20.8,32,6.3,0.0,0.0,0.0,8,0,0,0,1,0,0,0,0.6303030303030304,7173.599999999999
8,6.0,aug,sun,91.4,142.4,601.4,10.6,18.2,43,4.9,0.0,0.0,0.0,8,0,0,0,1,0,0,0,0.41363636363636364,6374.839999999999
8,6.0,aug,mon,91.1,103.2,638.8,5.8,23.4,22,2.7,0.0,0.0,0.0,8,0,1,0,0,0,0,0,1.017391304347826,3705.0399999999995
4,4.0,sep,sun,89.7,90.0,704.4,4.8,17.8,64,1.3,0.0,0.0,0.0,9,0,0,0,1,0,0,0,0.27384615384615385,3381.12
3,4.0,feb,sat,86.15,8.0,31.399999999999977,2.6,12.7,48,1.8,0.0,0.0,0.0,2,0,0,1,0,0,0,0,0.25918367346938775,81.63999999999994
3,4.0,mar,sat,86.15,2.4,31.399999999999977,0.7,17.4,24,5.4,0.0,0.0,0.0,3,0,0,1,0,0,0,0,0.696,21.979999999999983
3,4.0,aug,sun,91.4,142.4,601.4,10.6,11.6,83,4.5,0.0,0.0,0.0,8,0,0,0,1,0,0,0,0.1380952380952381,6374.839999999999
3,4.0,aug,sun,91.4,142.4,601.4,10.6,19.8,39,5.4,0.0,0.0,0.0,8,0,0,0,1,0,0,0,0.495,6374.839999999999
3,4.0,aug,tue,88.8,147.3,614.5,9.0,14.4,66,5.4,0.0,0.0,0.0,8,0,0,0,0,0,1,0,0.21492537313432836,5530.5
2,4.0,aug,tue,94.8,108.3,647.1,17.0,20.1,40,4.0,0.0,0.0,0.0,8,0,0,0,0,0,1,0,0.49024390243902444,11000.7
2,4.0,sep,sat,92.5,121.1,674.4,8.6,24.1,29,4.5,0.0,0.0,0.0,9,0,0,1,0,0,0,0,0.8033333333333333,5799.839999999999
2,4.0,jan,sat,86.15,3.7,31.399999999999977,2.9,5.3,78,3.1,0.0,0.0,0.0,1,0,0,1,0,0,0,0,0.0670886075949367,91.05999999999993
4,5.0,mar,fri,86.15,19.5,57.3,2.8,12.7,52,6.3,0.0,0.0,0.0,3,1,0,0,0,0,0,0,0.23962264150943394,160.43999999999997
4,5.0,mar,thu,91.4,30.7,74.3,7.5,18.2,29,3.1,0.0,0.0,0.0,3,0,0,0,0,1,0,0,0.6066666666666667,557.25
4,5.0,aug,sun,90.2,99.6,631.2,6.3,21.4,33,3.1,0.0,0.0,0.0,8,0,0,0,1,0,0,0,0.6294117647058823,3976.5600000000004
4,5.0,sep,sat,92.5,88.0,698.6,7.1,20.3,45,3.1,0.0,0.0,0.0,9,0,0,1,0,0,0,0,0.44130434782608696,4960.0599999999995
4,5.0,sep,mon,88.6,91.8,709.9,7.1,17.4,56,5.4,0.0,0.0,0.0,9,0,1,0,0,0,0,0,0.3052631578947368,5040.29
4,4.0,mar,fri,86.15,19.5,57.3,2.8,13.7,43,5.8,0.0,0.0,0.0,3,1,0,0,0,0,0,0,0.31136363636363634,160.43999999999997
3,4.0,mar,fri,91.7,33.3,77.5,9.0,18.8,18,4.5,0.0,0.0,0.0,3,1,0,0,0,0,0,0,0.9894736842105264,697.5
3,4.0,sep,sun,89.7,90.0,704.4,4.8,22.8,39,3.6,0.0,0.0,0.0,9,0,0,0,1,0,0,0,0.5700000000000001,3381.12
3,4.0,sep,mon,91.8,78.5,724.3,9.2,18.9,35,2.7,0.0,0.0,0.0,9,0,1,0,0,0,0,0,0.5249999999999999,6663.5599999999995
3,4.0,mar,tue,88.1,25.7,67.6,3.8,15.8,27,7.6,0.0,0.0,0.0,3,0,0,0,0,0,1,0,0.5642857142857143,256.87999999999994
3,5.0,mar,tue,88.1,25.7,67.6,3.8,15.5,27,6.3,0.0,0.0,0.0,3,0,0,0,0,0,1,0,0.5535714285714286,256.87999999999994
3,4.0,mar,sat,91.7,35.8,80.8,7.8,11.6,30,6.3,0.0,0.0,0.0,3,0,0,1,0,0,0,0,0.3741935483870968,630.24
3,4.0,mar,sat,91.7,35.8,80.8,7.8,15.2,27,4.9,0.0,0.0,0.0,3,0,0,1,0,0,0,0,0.5428571428571428,630.24
3,4.0,mar,mon,90.1,39.7,86.6,6.2,10.6,30,4.0,0.0,0.0,0.0,3,0,1,0,0,0,0,0,0.3419354838709677,536.92
3,4.0,aug,thu,93.0,75.3,466.6,7.7,19.6,36,3.1,0.0,0.0,0.0,8,0,0,0,0,1,0,0,0.5297297297297298,3592.82
3,4.0,aug,mon,91.5,145.4,608.2,10.7,10.3,74,2.2,0.0,0.0,0.0,8,0,1,0,0,0,0,0,0.13733333333333334,6507.74
3,4.0,aug,mon,91.5,145.4,608.2,10.7,17.1,43,5.4,0.0,0.0,0.0,8,0,1,0,0,0,0,0,0.38863636363636367,6507.74
3,4.0,sep,sun,92.4,124.1,680.7,8.5,22.5,42,5.4,0.0,0.0,0.0,9,0,0,0,1,0,0,0,0.5232558139534884,5785.950000000001
3,4.0,sep,tue,86.15,73.4,671.9,3.2,17.9,45,3.1,0.0,0.0,0.0,9,0,0,0,0,0,1,0,0.38913043478260867,2150.08
3,4.0,sep,fri,94.3,85.1,692.3,15.9,19.8,50,5.4,0.0,0.0,0.0,9,1,0,0,0,0,0,0,0.38823529411764707,11007.57
3,4.0,oct,sun,92.6,46.5,691.8,8.8,20.6,24,5.4,0.0,0.0,0.0,10,0,0,0,1,0,0,0,0.8240000000000001,6087.84
3,5.0,mar,mon,87.6,52.2,103.8,5.0,9.0,49,2.2,0.0,0.0,0.0,3,0,1,0,0,0,0,0,0.18,519.0
3,5.0,sep,fri,93.5,149.3,728.6,8.1,17.2,43,3.1,0.0,0.0,0.0,9,1,0,0,0,0,0,0,0.3909090909090909,5901.66
3,5.0,oct,wed,91.4,37.9,673.8,5.2,15.9,46,3.6,0.0,0.0,0.0,10,0,0,0,0,0,0,1,0.3382978723404255,3503.7599999999998
2,5.0,oct,sun,92.6,46.5,691.8,8.8,15.4,35,0.9,0.0,0.0,0.0,10,0,0,0,1,0,0,0,0.4277777777777778,6087.84
4,6.0,feb,sat,86.15,21.5,87.2,0.8,15.4,40,2.7,0.0,0.0,0.0,2,0,0,1,0,0,0,0,0.375609756097561,69.76
4,6.0,mar,mon,87.2,23.9,64.7,4.1,14.0,39,3.1,0.0,0.0,0.0,3,0,1,0,0,0,0,0,0.35,265.27
4,6.0,mar,sun,89.3,51.3,102.2,9.6,10.6,46,4.9,0.0,0.0,0.0,3,0,0,0,1,0,0,0,0.225531914893617,981.12
4,6.0,sep,thu,93.7,80.9,685.2,17.9,17.6,42,3.1,0.0,0.0,0.0,9,0,0,0,0,1,0,0,0.4093023255813954,12265.08
3,5.0,mar,tue,88.1,25.7,67.6,3.8,14.9,38,2.7,0.0,0.0,0.0,3,0,0,0,0,0,1,0,0.3820512820512821,256.87999999999994
3,5.0,aug,sat,93.5,139.4,594.2,17.9,17.6,52,5.8,0.0,0.0,0.0,8,0,0,1,0,0,0,0,0.33207547169811324,10636.18
3,6.0,sep,sun,92.4,124.1,680.7,8.5,17.2,58,1.3,0.0,0.0,0.0,9,0,0,0,1,0,0,0,0.29152542372881357,5785.950000000001
3,6.0,sep,mon,90.9,126.5,686.5,7.0,15.6,66,3.1,0.0,0.0,0.0,9,0,1,0,0,0,0,0,0.23283582089552238,4805.5
9,6.5,jul,tue,86.15,48.3,313.4,3.9,18.0,42,2.7,0.0,0.36,0.3074846997479606,7,0,0,0,0,0,1,0,0.4186046511627907,1222.26
1,4.0,sep,tue,91.0,129.5,692.6,7.0,21.7,38,2.2,0.0,0.43,0.3576744442718159,9,0,0,0,0,0,1,0,0.5564102564102564,4848.2
2,5.0,sep,mon,90.9,126.5,686.5,7.0,21.9,39,1.8,0.0,0.47,0.3852624007906449,9,0,1,0,0,0,0,0,0.5475,4805.5
1,2.5,aug,wed,95.5,99.9,513.3,13.2,23.3,31,4.5,0.0,0.55,0.4382549309311553,8,0,0,0,0,0,0,1,0.728125,6775.559999999999
8,6.0,aug,fri,90.1,108.0,529.8,12.5,21.2,51,8.200000000000001,0.0,0.61,0.4762341789963716,8,1,0,0,0,0,0,0,0.4076923076923077,6622.499999999999
1,2.5,jul,sat,90.0,51.3,296.3,8.7,16.6,53,5.4,0.0,0.71,0.5364933705145685,7,0,0,1,0,0,0,0,0.3074074074074074,2577.81
2,5.0,aug,wed,95.5,99.9,513.3,13.2,23.8,32,5.4,0.0,0.77,0.5709795465857378,8,0,0,0,0,0,0,1,0.7212121212121212,6775.559999999999
6,5.0,aug,thu,95.2,131.7,578.8,10.4,27.4,22,4.0,0.0,0.9,0.6418538861723948,8,0,0,0,0,1,0,0,1.191304347826087,6019.5199999999995
5,4.0,mar,mon,90.1,39.7,86.6,6.2,13.2,40,5.4,0.0,0.95,0.6678293725756554,3,0,1,0,0,0,0,0,0.32195121951219513,536.92
8,3.0,sep,tue,86.15,73.4,671.9,3.2,24.2,28,3.6,0.0,0.96,0.6729444732424258,9,0,0,0,0,0,1,0,0.8344827586206897,2150.08
2,2.5,aug,tue,94.8,108.3,647.1,17.0,17.4,43,6.7,0.0,1.07,0.7275486072772778,8,0,0,0,0,0,1,0,0.39545454545454545,11000.7
8,6.0,sep,thu,93.7,80.9,685.2,17.9,23.7,25,4.5,0.0,1.12,0.7514160886839212,9,0,0,0,0,1,0,0,0.9115384615384615,12265.08
6,5.0,jun,fri,92.5,56.4,433.3,7.1,23.2,39,5.4,0.0,1.19,0.7839015438284094,6,1,0,0,0,0,0,0,0.58,3076.43
9,6.5,jul,sun,90.1,68.6,355.2,7.2,24.8,29,2.2,0.0,1.36,0.8586616190375187,7,0,0,0,1,0,0,0,0.8266666666666667,2557.44
3,4.0,jul,sat,90.1,51.2,424.1,6.2,24.6,43,1.8,0.0,1.43,0.8878912573524571,7,0,0,1,0,0,0,0,0.5590909090909091,2629.42
5,4.0,sep,fri,94.3,85.1,692.3,15.9,20.1,47,4.9,0.0,1.46,0.9001613499442714,9,1,0,0,0,0,0,0,0.41875,11007.57
1,5.0,sep,sat,93.4,145.4,721.4,8.1,29.6,27,2.7,0.0,1.46,0.9001613499442714,9,0,0,1,0,0,0,0,1.0571428571428572,5843.339999999999
7,4.0,aug,sun,94.8,108.3,647.1,17.0,16.4,47,1.3,0.0,1.56,0.9400072584914712,8,0,0,0,1,0,0,0,0.3416666666666666,11000.7
2,4.0,sep,sat,93.4,145.4,721.4,8.1,28.6,27,2.2,0.0,1.61,0.9593502213346021,9,0,0,1,0,0,0,0,1.0214285714285716,5843.339999999999
2,2.5,aug,wed,92.1,111.2,654.1,9.6,18.4,45,3.6,0.0,1.63,0.9669838461896731,8,0,0,0,0,0,0,1,0.39999999999999997,6279.36
2,4.0,aug,wed,92.1,111.2,654.1,9.6,20.5,35,4.0,0.0,1.64,0.9707789171582247,8,0,0,0,0,0,0,1,0.5694444444444444,6279.36
7,4.0,sep,fri,92.4,117.9,668.0,12.2,19.0,34,5.8,0.0,1.69,0.9895411936137477,9,1,0,0,0,0,0,0,0.5428571428571428,8149.599999999999
7,4.0,mar,mon,90.1,39.7,86.6,6.2,16.1,29,3.1,0.0,1.75,1.0116009116784799,3,0,1,0,0,0,0,0,0.5366666666666667,536.92
6,4.0,aug,thu,95.2,131.7,578.8,10.4,20.3,41,4.0,0.0,1.9,1.0647107369924282,8,0,0,0,0,1,0,0,0.48333333333333334,6019.5199999999995
6,3.0,mar,sat,90.6,50.1,100.4,7.8,15.2,31,8.200000000000001,0.0,1.94,1.0784095813505903,3,0,0,1,0,0,0,0,0.475,783.12
8,6.0,sep,sat,92.5,121.1,674.4,8.6,17.8,56,1.8,0.0,1.95,1.0818051703517284,9,0,0,1,0,0,0,0,0.312280701754386,5799.839999999999
8,5.0,sep,sun,89.7,90.0,704.4,4.8,17.8,67,2.2,0.0,2.01,1.1019400787607843,9,0,0,0,1,0,0,0,0.26176470588235295,3381.12
6,5.0,mar,thu,86.15,18.2,55.0,3.0,5.3,70,4.5,0.0,2.14,1.144222799920162,3,0,0,0,0,1,0,0,0.07464788732394366,165.0
6,5.0,aug,wed,92.1,111.2,654.1,9.6,16.6,47,0.9,0.0,2.29,1.1908875647772805,8,0,0,0,0,0,0,1,0.3458333333333334,6279.36
6,5.0,aug,wed,96.0,127.1,570.5,16.5,23.4,33,4.5,0.0,2.51,1.2556160374777745,8,0,0,0,0,0,0,1,0.6882352941176471,9413.25
6,5.0,mar,fri,91.2,48.3,97.8,12.5,14.6,26,8.200000000000001,0.0,2.53,1.2612978709452054,3,1,0,0,0,0,0,0,0.5407407407407407,1222.5
8,6.0,aug,thu,95.2,131.7,578.8,10.4,20.7,45,2.2,0.0,2.55,1.2669476034873244,8,0,0,0,0,1,0,0,0.45,6019.5199999999995
5,4.0,sep,wed,92.9,133.3,699.6,9.2,21.9,35,1.8,0.0,2.57,1.2725655957915476,9,0,0,0,0,0,0,1,0.6083333333333333,6436.32
8,6.0,aug,wed,86.15,90.4,609.6,6.6,17.4,50,4.0,0.0,2.69,1.3056264580524357,8,0,0,0,0,0,0,1,0.34117647058823525,4023.36
7,4.0,aug,sun,91.4,142.4,601.4,10.6,20.1,39,5.4,0.0,2.74,1.3190856114264407,8,0,0,0,1,0,0,0,0.5025000000000001,6374.839999999999
4,4.0,sep,mon,90.9,126.5,686.5,7.0,17.7,39,2.2,0.0,3.07,1.4036429994545037,9,0,1,0,0,0,0,0,0.4425,4805.5
1,4.0,aug,sat,90.2,96.9,624.2,8.9,14.2,53,1.8,0.0,3.5,1.5040773967762742,8,0,0,1,0,0,0,0,0.26296296296296295,5555.380000000001
1,4.0,aug,sat,90.2,96.9,624.2,8.9,20.3,39,4.9,0.0,4.53,1.7101878155342436,8,0,0,1,0,0,0,0,0.5075000000000001,5555.380000000001
6,5.0,apr,thu,86.15,9.1,55.2,2.7,5.8,54,5.8,0.0,4.61,1.724550719534605,4,0,0,0,0,1,0,0,0.10545454545454545,149.04000000000002
2,5.0,aug,sun,90.2,99.6,631.2,6.3,19.2,44,2.7,0.0,4.69,1.7387102481382395,8,0,0,0,1,0,0,0,0.42666666666666664,3976.5600000000004
2,5.0,sep,wed,90.1,82.9,735.7,6.2,18.3,45,2.2,0.0,4.88,1.7715567619105355,9,0,0,0,0,0,0,1,0.3978260869565218,4561.34
8,6.0,aug,tue,88.8,147.3,614.5,9.0,14.4,66,5.4,0.0,5.23,1.8293763327993617,8,0,0,0,0,0,1,0,0.21492537313432836,5530.5
1,3.0,sep,sun,92.4,124.1,680.7,8.5,23.9,32,6.7,0.0,5.33,1.8453002361560848,9,0,0,0,1,0,0,0,0.7242424242424242,5785.950000000001
8,6.0,oct,mon,86.15,32.8,664.2,3.0,19.1,32,4.0,0.0,5.44,1.8625285401162623,10,0,1,0,0,0,0,0,0.5787878787878789,1992.6000000000001
5,4.0,feb,sun,86.8,15.6,48.3,3.9,12.4,53,2.2,0.0,6.38,1.998773638612381,2,0,0,0,1,0,0,0,0.22962962962962963,188.36999999999998
7,4.0,oct,mon,91.7,48.5,696.1,11.1,16.8,45,4.5,0.0,6.83,2.057962510002712,10,0,1,0,0,0,0,0,0.3652173913043478,7726.71
8,6.0,aug,fri,93.9,135.7,586.7,15.1,20.8,34,4.9,0.0,6.96,2.0744289998562917,8,1,0,0,0,0,0,0,0.5942857142857143,8859.17
2,5.0,sep,tue,91.0,129.5,692.6,7.0,17.6,46,3.1,0.0,7.04,2.084429083190875,9,0,0,0,0,0,1,0,0.374468085106383,4848.2
8,6.0,mar,sun,89.3,51.3,102.2,9.6,11.5,39,5.8,0.0,7.19,2.102913897864978,3,0,0,0,1,0,0,0,0.2875,981.12
1,5.0,sep,mon,90.9,126.5,686.5,7.0,21.0,42,2.2,0.0,7.3,2.1162555148025524,9,0,1,0,0,0,0,0,0.4883720930232558,4805.5
6,4.0,mar,sat,90.8,41.9,89.4,7.9,13.3,42,0.9,0.0,7.4,2.128231705849268,3,0,0,1,0,0,0,0,0.30930232558139537,706.2600000000001
7,4.0,mar,sun,90.7,44.0,92.4,5.5,11.5,60,4.0,0.0,8.24,2.2235418856535927,3,0,0,0,1,0,0,0,0.1885245901639344,508.20000000000005
6,5.0,mar,fri,91.2,48.3,97.8,12.5,11.7,33,4.0,0.0,8.31,2.231089091288976,3,1,0,0,0,0,0,0,0.34411764705882353,1222.5
2,5.0,aug,thu,95.2,131.7,578.8,10.4,24.2,28,2.7,0.0,8.68,2.2700619012884857,8,0,0,0,0,1,0,0,0.8344827586206897,6019.5199999999995
2,2.5,aug,tue,94.8,108.3,647.1,17.0,24.6,22,4.5,0.0,8.71,2.2731562823032334,8,0,0,0,0,0,1,0,1.0695652173913044,11000.7
4,5.0,sep,wed,92.9,133.3,699.6,9.2,24.3,25,4.0,0.0,9.41,2.3427668826268775,9,0,0,0,0,0,0,1,0.9346153846153846,6436.32
2,2.5,aug,tue,94.8,108.3,647.1,17.0,24.6,22,4.5,0.0,10.01,2.3988039507345884,8,0,0,0,0,0,1,0,1.0695652173913044,11000.7
2,5.0,aug,fri,93.9,135.7,586.7,15.1,23.5,36,5.4,0.0,10.02,2.3997118037247684,8,1,0,0,0,0,0,0,0.6351351351351351,8859.17
6,5.0,apr,thu,86.15,9.1,55.2,2.7,5.8,54,5.8,0.0,10.93,2.479056236109825,4,0,0,0,0,1,0,0,0.10545454545454545,149.04000000000002
4,5.0,sep,thu,92.9,137.0,706.4,9.2,21.5,15,0.9,0.0,11.06,2.4898941912990393,9,0,0,0,0,1,0,0,1.34375,6498.879999999999
3,4.0,sep,tue,91.0,129.5,692.6,7.0,13.9,59,6.3,0.0,11.24,2.50470927708418,9,0,0,0,0,0,1,0,0.23166666666666666,4848.2
2,4.0,sep,mon,86.15,70.8,665.3,0.8,22.6,38,3.6,0.0,11.32,2.511223958105374,9,0,1,0,0,0,0,0,0.5794871794871795,532.24
1,5.0,sep,tue,91.0,129.5,692.6,7.0,21.6,33,2.2,0.0,11.53,2.528125768907977,9,0,0,0,0,0,1,0,0.6352941176470589,4848.2
6,5.0,mar,sun,90.1,37.6,83.7,7.2,12.4,54,3.6,0.0,12.1,2.5726122302071057,3,0,0,0,1,0,0,0,0.22545454545454546,602.64
7,4.0,feb,sun,86.15,8.7,32.1,2.1,8.8,68,2.2,0.0,13.05,2.642622395779755,2,0,0,0,1,0,0,0,0.127536231884058,67.41000000000001
8,6.0,oct,wed,91.4,37.9,673.8,5.2,20.2,37,2.7,0.0,13.7,2.6878474937846906,10,0,0,0,0,0,0,1,0.531578947368421,3503.7599999999998
5,6.0,mar,sat,90.6,50.1,100.4,7.8,15.1,64,4.0,0.0,13.99,2.7073833121145063,3,0,0,1,0,0,0,0,0.2323076923076923,783.12
4,5.0,sep,thu,92.9,137.0,706.4,9.2,22.1,34,1.8,0.0,14.57,2.745345985845907,9,0,0,0,0,1,0,0,0.6314285714285715,6498.879999999999
2,2.5,aug,sat,93.5,139.4,594.2,17.9,22.9,31,7.2,0.0,15.45,2.800325477211381,8,0,0,1,0,0,0,0,0.715625,10636.18
7,5.0,sep,tue,91.0,129.5,692.6,7.0,20.7,37,2.2,0.0,17.2,2.9014215940827497,9,0,0,0,0,0,1,0,0.5447368421052632,4848.2
6,5.0,sep,fri,92.4,117.9,668.0,12.2,19.6,33,6.3,0.0,19.23,3.007166651179654,9,1,0,0,0,0,0,0,0.5764705882352942,8149.599999999999
8,3.0,sep,thu,93.7,80.9,685.2,17.9,23.2,26,4.9,0.0,23.41,3.1949928844048685,9,0,0,0,0,1,0,0,0.8592592592592593,12265.08
4,4.0,oct,sat,90.6,43.7,686.9,6.7,18.4,25,3.1,0.0,24.23,3.2280337626529665,10,0,0,1,0,0,0,0,0.7076923076923076,4602.23
7,4.0,aug,sat,93.5,139.4,594.2,17.9,5.1,83,5.8,0.0,26.0,3.295836866004329,8,0,0,1,0,0,0,0,0.06071428571428571,10636.18
7,4.0,sep,fri,94.3,85.1,692.3,15.9,20.1,47,4.9,0.0,26.13,3.3006401266708405,9,1,0,0,0,0,0,0,0.41875,11007.57
7,3.0,mar,mon,87.6,52.2,103.8,5.0,11.0,46,5.8,0.0,27.35,3.3446270301737613,3,0,1,0,0,0,0,0,0.23404255319148937,519.0
4,4.0,mar,sat,91.7,35.8,80.8,7.8,17.0,27,4.9,0.0,28.66,3.389799336709786,3,0,0,1,0,0,0,0,0.6071428571428571,630.24
4,4.0,sep,sun,92.4,124.1,680.7,8.5,16.9,60,1.3,0.0,29.48,3.4170707308184456,9,0,0,0,1,0,0,0,0.27704918032786885,5785.950000000001
1,3.0,sep,mon,88.6,91.8,709.9,7.1,12.4,73,6.3,0.0,30.32,3.4442568711226023,9,0,1,0,0,0,0,0,0.16756756756756758,5040.29
4,5.0,sep,wed,92.9,133.3,699.6,9.2,19.4,19,1.3,0.0,31.72,3.487986511734546,9,0,0,0,0,0,0,1,0.97,6436.32
6,5.0,mar,mon,90.1,39.7,86.6,6.2,15.2,27,3.1,0.0,31.86,3.492256112609122,3,0,1,0,0,0,0,0,0.5428571428571428,536.92
8,6.0,aug,sun,90.2,99.6,631.2,6.3,16.2,59,3.1,0.0,32.07,3.4986265269937014,8,0,0,0,1,0,0,0,0.26999999999999996,3976.5600000000004
3,4.0,sep,fri,93.3,141.2,713.9,13.9,18.6,49,3.6,0.0,35.88,3.607669398688393,9,1,0,0,0,0,0,0,0.37200000000000005,9923.21
4,3.0,mar,mon,87.6,52.2,103.8,5.0,11.0,46,5.8,0.0,36.85,3.6336309798834576,3,0,1,0,0,0,0,0,0.23404255319148937,519.0
2,2.5,jul,fri,88.3,150.3,309.9,6.8,13.4,79,3.6,0.0,37.02,3.6381123370602833,7,1,0,0,0,0,0,0,0.1675,2107.3199999999997
7,4.0,sep,wed,90.1,82.9,735.7,6.2,15.4,57,4.5,0.0,37.71,3.6560979645895566,9,0,0,0,0,0,0,1,0.2655172413793104,4561.34
4,4.0,sep,sun,93.5,149.3,728.6,8.1,22.9,39,4.9,0.0,48.55,3.902982260775997,9,0,0,0,1,0,0,0,0.5725,5901.66
7,5.0,oct,mon,91.7,48.5,696.1,11.1,16.1,44,4.0,0.0,49.37,3.9193957597575593,10,0,1,0,0,0,0,0,0.3577777777777778,7726.71
8,6.0,aug,sat,92.2,81.8,480.8,11.9,20.1,34,4.5,0.0,58.3,4.08260930600368,8,0,0,1,0,0,0,0,0.5742857142857143,5721.52
4,6.0,sep,sun,93.5,149.3,728.6,8.1,28.3,26,3.1,0.0,64.1,4.175924549214524,9,0,0,0,1,0,0,0,1.0481481481481483,5901.66
8,6.0,aug,sat,92.2,81.8,480.8,11.9,16.4,43,4.0,0.0,71.3,4.280824129164719,8,0,0,1,0,0,0,0,0.3727272727272727,5721.52
4,4.0,sep,wed,92.9,133.3,699.6,9.2,26.4,21,4.5,0.0,88.49,4.494126887194767,9,0,0,0,0,0,0,1,1.2,6436.32
1,5.0,sep,sun,93.5,149.3,728.6,8.1,27.8,27,3.1,0.0,95.18,4.566221435849517,9,0,0,0,1,0,0,0,0.9928571428571429,5901.66
6,4.0,sep,tue,91.0,129.5,692.6,7.0,18.7,43,2.7,0.0,103.39,4.648133885420207,9,0,0,0,0,0,1,0,0.425,4848.2
9,4.0,sep,tue,86.15,73.4,671.9,3.2,24.3,36,3.1,0.0,105.66,4.669646205172456,9,0,0,0,0,0,1,0,0.6567567567567568,2150.08
4,5.0,sep,sat,92.5,121.1,674.4,8.6,17.7,25,3.1,0.0,154.88,5.049086480470509,9,0,0,1,0,0,0,0,0.6807692307692308,5799.839999999999
8,6.0,aug,sun,91.4,142.4,601.4,10.6,19.6,41,5.8,0.0,196.48,5.285637313390662,8,0,0,0,1,0,0,0,0.4666666666666667,6374.839999999999
2,2.5,sep,sat,92.5,121.1,674.4,8.6,18.2,46,1.8,0.0,200.94,5.307970623576175,9,0,0,1,0,0,0,0,0.3872340425531915,5799.839999999999
1,2.5,sep,tue,91.0,129.5,692.6,7.0,18.8,40,2.2,0.0,212.88,5.365415110080531,9,0,0,0,0,0,1,0,0.4585365853658537,4848.2
6,5.0,sep,sat,92.5,121.1,674.4,8.6,25.1,27,4.0,0.0,1090.84,6.995619625423205,9,0,0,1,0,0,0,0,0.8964285714285715,5799.839999999999
7,5.0,apr,sun,86.15,3.0,31.399999999999977,3.5,13.4,75,1.8,0.0,0.0,0.0,4,0,0,0,1,0,0,0,0.1763157894736842,109.89999999999992
6,3.0,apr,wed,88.0,17.2,43.5,3.8,15.2,51,2.7,0.0,0.0,0.0,4,0,0,0,0,0,0,1,0.29230769230769227,165.29999999999998
4,4.0,apr,fri,86.15,23.3,85.3,2.3,16.7,20,3.1,0.0,0.0,0.0,4,1,0,0,0,0,0,0,0.7952380952380952,196.18999999999997
2,4.0,aug,sun,94.2,122.3,589.9,12.9,15.4,66,4.0,0.0,10.13,2.4096441652874536,8,0,0,0,1,0,0,0,0.22985074626865673,7609.71
7,4.0,aug,sun,91.8,175.1,700.7,13.8,21.9,73,7.6,0.0,0.0,0.0,8,0,0,0,1,0,0,0,0.2959459459459459,9669.660000000002
2,4.0,aug,sun,91.8,175.1,700.7,13.8,22.4,54,7.6,0.0,2.87,1.3532545070416904,8,0,0,0,1,0,0,0,0.40727272727272723,9669.660000000002
3,4.0,aug,sun,91.8,175.1,700.7,13.8,26.8,38,6.3,0.0,0.76,0.5653138090500605,8,0,0,0,1,0,0,0,0.6871794871794872,9669.660000000002
5,4.0,aug,sun,91.8,175.1,700.7,13.8,25.7,39,5.4,0.0,0.09,0.08617769624105233,8,0,0,0,1,0,0,0,0.6425,9669.660000000002
2,4.0,aug,wed,92.2,91.6,503.6,9.6,20.7,70,2.2,0.0,0.75,0.5596157879354227,8,0,0,0,0,0,0,1,0.2915492957746479,4834.56
8,6.0,aug,wed,93.1,157.3,666.7,13.5,28.7,28,2.7,0.0,0.0,0.0,8,0,0,0,0,0,0,1,0.9896551724137931,9000.45
3,4.0,aug,wed,93.1,157.3,666.7,13.5,21.7,40,0.4,0.0,2.47,1.244154593958768,8,0,0,0,0,0,0,1,0.5292682926829269,9000.45
8,5.0,aug,wed,93.1,157.3,666.7,13.5,26.8,25,3.1,0.0,0.68,0.5187937934151676,8,0,0,0,0,0,0,1,1.0307692307692309,9000.45
8,5.0,aug,wed,93.1,157.3,666.7,13.5,24.0,36,3.1,0.0,0.24,0.2151113796169455,8,0,0,0,0,0,0,1,0.6486486486486487,9000.45
6,5.0,aug,wed,93.1,157.3,666.7,13.5,22.1,37,3.6,0.0,0.21,0.1906203596086497,8,0,0,0,0,0,0,1,0.5815789473684211,9000.45
7,4.0,aug,thu,91.9,109.2,565.5,8.0,21.4,38,2.7,0.0,1.52,0.924258901523332,8,0,0,0,0,1,0,0,0.5487179487179487,4524.0
6,3.0,aug,thu,91.6,138.1,621.7,6.3,18.9,41,3.1,0.0,10.34,2.428336298299606,8,0,0,0,0,1,0,0,0.44999999999999996,3916.71
2,5.0,aug,thu,87.5,77.0,694.8,5.0,22.3,46,4.0,0.0,0.0,0.0,8,0,0,0,0,1,0,0,0.474468085106383,3474.0
8,6.0,aug,sat,94.2,117.2,581.1,11.0,23.9,41,2.2,0.0,8.02,2.199444334074532,8,0,0,1,0,0,0,0,0.569047619047619,6392.1
4,3.0,aug,sat,94.2,117.2,581.1,11.0,21.4,44,2.7,0.0,0.68,0.5187937934151676,8,0,0,1,0,0,0,0,0.4755555555555555,6392.1
3,4.0,aug,sat,91.8,170.9,692.3,13.7,20.6,59,0.9,0.0,0.0,0.0,8,0,0,1,0,0,0,0,0.3433333333333334,9484.509999999998
7,4.0,aug,sat,91.8,170.9,692.3,13.7,23.7,40,1.8,0.0,1.38,0.8671004876833832,8,0,0,1,0,0,0,0,0.5780487804878048,9484.509999999998
2,4.0,aug,mon,93.6,97.9,542.0,14.4,28.3,32,4.0,0.0,8.85,2.2874714551839976,8,0,1,0,0,0,0,0,0.8575757575757575,7804.8
3,4.0,aug,fri,91.6,112.4,573.0,8.9,11.2,83,7.6,0.0,3.3,1.4586150226995167,8,1,0,0,0,0,0,0,0.13333333333333333,5099.7
2,4.0,aug,fri,91.6,112.4,573.0,8.9,21.4,42,3.1,0.0,4.25,1.6582280766035324,8,1,0,0,0,0,0,0,0.4976744186046511,5099.7
6,3.0,aug,fri,91.1,141.1,629.1,7.1,19.3,39,3.6,0.0,1.56,0.9400072584914712,8,1,0,0,0,0,0,0,0.48250000000000004,4466.61
4,4.0,aug,fri,94.3,167.6,684.4,13.0,21.8,53,3.1,0.0,6.54,2.020222182019865,8,1,0,0,0,0,0,0,0.40370370370370373,8897.199999999999
4,4.0,aug,tue,93.7,102.2,550.3,14.6,22.1,54,7.6,0.0,0.79,0.5822156198526637,8,0,0,0,0,0,1,0,0.40181818181818185,8034.379999999999
6,5.0,aug,tue,94.3,131.7,607.1,17.9,19.4,55,4.0,0.0,0.17,0.15700374880966475,8,0,0,0,0,0,1,0,0.3464285714285714,10867.09
2,2.5,aug,tue,92.1,152.6,658.2,14.3,23.7,24,3.1,0.0,0.0,0.0,8,0,0,0,0,0,1,0,0.948,9412.26
3,4.0,aug,tue,92.1,152.6,658.2,14.3,21.0,32,3.1,0.0,0.0,0.0,8,0,0,0,0,0,1,0,0.6363636363636364,9412.26
4,4.0,aug,tue,92.1,152.6,658.2,14.3,19.1,53,2.7,0.0,4.4,1.6863989535702286,8,0,0,0,0,0,1,0,0.35370370370370374,9412.26
2,2.5,aug,tue,92.1,152.6,658.2,14.3,21.8,56,3.1,0.0,0.52,0.41871033485818504,8,0,0,0,0,0,1,0,0.3824561403508772,9412.26
8,6.0,aug,tue,92.1,152.6,658.2,14.3,20.1,58,4.5,0.0,9.27,2.329227023940467,8,0,0,0,0,0,1,0,0.34067796610169493,9412.26
2,5.0,aug,tue,92.1,152.6,658.2,14.3,20.2,47,4.0,0.0,3.09,1.4085449700547104,8,0,0,0,0,0,1,0,0.42083333333333334,9412.26
4,6.0,dec,sun,86.15,27.2,353.5,6.8,4.8,57,8.200000000000001,0.0,8.98,2.300583090323373,12,0,0,0,1,0,0,0,0.08275862068965517,2403.7999999999997
8,6.0,dec,wed,86.15,27.8,354.6,5.3,5.1,61,8.0,0.0,11.19,2.5006159434931803,12,0,0,0,0,0,0,1,0.08225806451612902,1879.38
4,6.0,dec,thu,86.15,26.4,352.0,2.0,5.1,61,4.9,0.0,5.38,1.8531680973566984,12,0,0,0,0,1,0,0,0.08225806451612902,704.0
4,4.0,dec,mon,86.15,25.4,349.7,2.6,4.6,21,8.200000000000001,0.0,17.85,2.93651291389402,12,0,1,0,0,0,0,0,0.20909090909090908,909.22
3,4.0,dec,mon,86.15,25.4,349.7,2.6,4.6,21,8.200000000000001,0.0,10.73,2.462149662665384,12,0,1,0,0,0,0,0,0.20909090909090908,909.22
4,4.0,dec,mon,86.15,25.4,349.7,2.6,4.6,21,8.200000000000001,0.0,22.03,3.136797713832594,12,0,1,0,0,0,0,0,0.20909090909090908,909.22
4,4.0,dec,mon,86.15,25.4,349.7,2.6,4.6,21,8.200000000000001,0.0,9.77,2.3767644911682972,12,0,1,0,0,0,0,0,0.20909090909090908,909.22
4,6.0,dec,fri,86.15,26.7,352.6,4.1,4.549999999999999,59,4.9,0.0,9.27,2.329227023940467,12,1,0,0,0,0,0,0,0.07583333333333332,1445.6599999999999
6,5.0,dec,tue,86.15,25.4,349.7,2.6,5.1,24,8.200000000000001,0.0,24.77,3.2492110246642736,12,0,0,0,0,0,1,0,0.204,909.22
6,3.0,feb,sun,86.15,27.5,353.5,3.4,4.549999999999999,51,4.0,0.0,0.0,0.0,2,0,0,0,1,0,0,0,0.08749999999999998,1201.8999999999999
3,4.0,feb,wed,86.9,6.6,31.399999999999977,3.2,8.8,35,3.1,0.0,1.1,0.7419373447293773,2,0,0,0,0,0,0,1,0.24444444444444446,100.47999999999993
5,4.0,feb,fri,86.15,4.9,31.399999999999977,6.3,7.5,46,8.0,0.0,24.24,3.228430037673012,2,1,0,0,0,0,0,0,0.1595744680851064,197.81999999999985
2,5.0,jul,sun,93.9,169.7,411.8,12.3,23.4,40,6.3,0.0,0.0,0.0,7,0,0,0,1,0,0,0,0.5707317073170731,5065.14
7,6.0,jul,wed,91.2,183.1,437.7,12.5,12.6,83,7.6,0.0,0.0,0.0,7,0,0,0,0,0,0,1,0.15,5471.25
7,4.0,jul,sat,91.6,104.2,474.9,9.0,22.1,49,2.7,0.0,0.0,0.0,7,0,0,1,0,0,0,0,0.442,4274.099999999999
7,4.0,jul,sat,91.6,104.2,474.9,9.0,24.2,32,1.8,0.0,0.0,0.0,7,0,0,1,0,0,0,0,0.7333333333333333,4274.099999999999
7,4.0,jul,sat,91.6,104.2,474.9,9.0,24.3,30,1.8,0.0,0.0,0.0,7,0,0,1,0,0,0,0,0.7838709677419355,4274.099999999999
2,5.0,jul,sat,91.6,104.2,474.9,9.0,18.7,53,1.8,0.0,0.0,0.0,7,0,0,1,0,0,0,0,0.34629629629629627,4274.099999999999
9,4.0,jul,sat,91.6,104.2,474.9,9.0,25.3,39,0.9,0.0,8.0,2.1972245773362196,7,0,0,1,0,0,0,0,0.6325000000000001,4274.099999999999
4,5.0,jul,fri,91.6,100.2,466.3,6.3,22.9,40,1.3,0.0,2.64,1.2919836816486494,7,1,0,0,0,0,0,0,0.5585365853658536,2937.69
7,6.0,jul,tue,93.1,180.4,430.8,11.0,26.9,28,5.4,0.0,86.45,4.471067201464611,7,0,0,0,0,0,1,0,0.9275862068965517,4738.8
8,6.0,jul,tue,92.3,88.8,440.9,8.5,17.1,67,3.6,0.0,6.57,2.0241930674493576,7,0,0,0,0,0,1,0,0.2514705882352941,3747.6499999999996
7,5.0,jun,sun,93.1,180.4,430.8,11.0,22.2,48,1.3,0.0,0.0,0.0,6,0,0,0,1,0,0,0,0.4530612244897959,4738.8
6,4.0,jun,sun,90.4,89.5,290.8,6.4,14.3,46,1.8,0.0,0.9,0.6418538861723948,6,0,0,0,1,0,0,0,0.30425531914893617,1861.1200000000001
8,6.0,jun,sun,90.4,89.5,290.8,6.4,15.4,45,2.2,0.0,0.0,0.0,6,0,0,0,1,0,0,0,0.3347826086956522,1861.1200000000001
8,6.0,jun,wed,91.2,147.8,377.2,12.7,19.6,43,4.9,0.0,0.0,0.0,6,0,0,0,0,0,0,1,0.4454545454545455,4790.44
6,5.0,jun,sat,86.15,71.0,233.8,0.4,10.6,83,2.7,0.0,0.0,0.0,6,0,0,1,0,0,0,0,0.1261904761904762,93.52000000000001
6,5.0,jun,mon,90.4,93.3,298.1,7.5,20.7,25,4.9,0.0,0.0,0.0,6,0,1,0,0,0,0,0,0.7961538461538461,2235.75
6,5.0,jun,mon,90.4,93.3,298.1,7.5,19.1,39,5.4,0.0,3.52,1.5085119938441398,6,0,1,0,0,0,0,0,0.47750000000000004,2235.75
3,6.0,jun,fri,91.1,94.1,232.1,7.1,19.2,38,4.5,0.0,0.0,0.0,6,1,0,0,0,0,0,0,0.4923076923076923,1647.9099999999999
6,5.0,may,sat,86.15,28.0,113.8,3.5,11.3,83,4.9,0.0,0.0,0.0,5,0,0,1,0,0,0,0,0.13452380952380955,398.3
1,4.0,sep,sun,89.6,84.1,714.3,5.7,19.0,52,2.2,0.0,0.0,0.0,9,0,0,0,1,0,0,0,0.3584905660377358,4071.5099999999998
7,4.0,sep,sun,89.6,84.1,714.3,5.7,17.1,53,5.4,0.0,0.41,0.3435897043900769,9,0,0,0,1,0,0,0,0.3166666666666667,4071.5099999999998
3,4.0,sep,sun,89.6,84.1,714.3,5.7,23.8,35,3.6,0.0,5.18,1.8213182714695995,9,0,0,0,1,0,0,0,0.6611111111111111,4071.5099999999998
2,4.0,sep,sun,92.4,105.8,758.1,9.9,16.0,45,1.8,0.0,0.0,0.0,9,0,0,0,1,0,0,0,0.34782608695652173,7505.1900000000005
2,4.0,sep,sun,92.4,105.8,758.1,9.9,24.9,27,2.2,0.0,0.0,0.0,9,0,0,0,1,0,0,0,0.8892857142857142,7505.1900000000005
7,4.0,sep,sun,92.4,105.8,758.1,9.9,25.3,27,2.7,0.0,0.0,0.0,9,0,0,0,1,0,0,0,0.9035714285714286,7505.1900000000005
6,3.0,sep,sun,92.4,105.8,758.1,9.9,24.8,28,1.8,0.0,14.29,2.727199019940971,9,0,0,0,1,0,0,0,0.8551724137931035,7505.1900000000005
2,4.0,sep,sun,86.15,46.2,706.6,0.4,12.2,78,6.3,0.0,0.0,0.0,9,0,0,0,1,0,0,0,0.15443037974683543,282.64000000000004
6,5.0,sep,wed,92.6,115.4,777.1,8.8,24.3,27,4.9,0.0,0.0,0.0,9,0,0,0,0,0,0,1,0.8678571428571429,6838.4800000000005
4,4.0,sep,wed,92.6,115.4,777.1,8.8,19.7,41,1.8,0.0,1.58,0.9477893989335261,9,0,0,0,0,0,0,1,0.46904761904761905,6838.4800000000005
3,4.0,sep,wed,91.2,134.7,817.5,7.2,18.5,30,2.7,0.0,0.0,0.0,9,0,0,0,0,0,0,1,0.5967741935483871,5886.0
4,5.0,sep,thu,92.4,96.2,739.4,8.6,18.6,24,5.8,0.0,0.0,0.0,9,0,0,0,0,1,0,0,0.7440000000000001,6358.839999999999
4,4.0,sep,thu,92.4,96.2,739.4,8.6,19.2,24,4.9,0.0,3.78,1.5644405465033646,9,0,0,0,0,1,0,0,0.768,6358.839999999999
6,5.0,sep,thu,92.8,119.0,783.5,7.5,21.6,27,2.2,0.0,0.0,0.0,9,0,0,0,0,1,0,0,0.7714285714285715,5876.25
5,4.0,sep,thu,92.8,119.0,783.5,7.5,21.6,28,6.3,0.0,4.41,1.6882490928583902,9,0,0,0,0,1,0,0,0.7448275862068966,5876.25
6,3.0,sep,thu,92.8,119.0,783.5,7.5,18.9,34,7.2,0.0,34.36,3.5655812377694427,9,0,0,0,0,1,0,0,0.5399999999999999,5876.25
1,4.0,sep,thu,92.8,119.0,783.5,7.5,16.8,28,4.0,0.0,7.21,2.105352923464337,9,0,0,0,0,1,0,0,0.5793103448275863,5876.25
6,5.0,sep,thu,92.8,119.0,783.5,7.5,16.8,28,4.0,0.0,1.01,0.6981347220709844,9,0,0,0,0,1,0,0,0.5793103448275863,5876.25
3,5.0,sep,thu,90.7,136.9,822.8,6.8,12.9,39,2.7,0.0,2.18,1.1568811967920856,9,0,0,0,0,1,0,0,0.3225,5595.04
6,5.0,sep,thu,88.1,53.3,726.9,5.4,13.7,56,1.8,0.0,4.42,1.6900958154515549,9,0,0,0,0,1,0,0,0.24035087719298245,3925.26
1,4.0,sep,sat,92.2,102.3,751.5,8.4,24.2,27,3.1,0.0,0.0,0.0,9,0,0,1,0,0,0,0,0.8642857142857142,6312.6
5,4.0,sep,sat,92.2,102.3,751.5,8.4,24.1,27,3.1,0.0,0.0,0.0,9,0,0,1,0,0,0,0,0.8607142857142858,6312.6
6,5.0,sep,sat,92.2,102.3,751.5,8.4,21.2,32,2.2,0.0,0.0,0.0,9,0,0,1,0,0,0,0,0.6424242424242425,6312.6
6,5.0,sep,sat,92.2,102.3,751.5,8.4,19.7,35,1.8,0.0,0.0,0.0,9,0,0,1,0,0,0,0,0.5472222222222222,6312.6
4,3.0,sep,sat,92.2,102.3,751.5,8.4,23.5,27,4.0,0.0,3.33,1.4655675420143985,9,0,0,1,0,0,0,0,0.8392857142857143,6312.6
3,3.0,sep,sat,92.2,102.3,751.5,8.4,24.2,27,3.1,0.0,6.58,2.0255131996542803,9,0,0,1,0,0,0,0,0.8642857142857142,6312.6
7,4.0,sep,sat,91.2,124.4,795.3,8.5,21.5,28,4.5,0.0,15.64,2.8118094353930627,9,0,0,1,0,0,0,0,0.7413793103448276,6760.049999999999
4,4.0,sep,sat,91.2,124.4,795.3,8.5,17.1,41,2.2,0.0,11.22,2.503073953743449,9,0,0,1,0,0,0,0,0.4071428571428572,6760.049999999999
1,4.0,sep,mon,92.1,87.7,721.1,9.5,18.1,54,3.1,0.0,2.13,1.1410330045520618,9,0,1,0,0,0,0,0,0.3290909090909091,6850.45
2,3.0,sep,mon,91.6,108.4,764.0,6.2,18.0,51,5.4,0.0,0.0,0.0,9,0,1,0,0,0,0,0,0.34615384615384615,4736.8
4,3.0,sep,mon,91.6,108.4,764.0,6.2,9.8,83,1.8,0.0,0.0,0.0,9,0,1,0,0,0,0,0,0.11666666666666667,4736.8
7,4.0,sep,mon,91.6,108.4,764.0,6.2,19.3,44,2.2,0.0,0.0,0.0,9,0,1,0,0,0,0,0,0.42888888888888893,4736.8
6,3.0,sep,mon,91.6,108.4,764.0,6.2,23.0,34,2.2,0.0,56.04,4.04375277610604,9,0,1,0,0,0,0,0,0.6571428571428571,4736.8
8,6.0,sep,mon,91.6,108.4,764.0,6.2,22.7,35,2.2,0.0,7.48,2.1377104498038118,9,0,1,0,0,0,0,0,0.6305555555555555,4736.8
2,4.0,sep,mon,91.6,108.4,764.0,6.2,20.4,41,1.8,0.0,1.47,0.9042181506398859,9,0,1,0,0,0,0,0,0.48571428571428565,4736.8
2,5.0,sep,mon,91.6,108.4,764.0,6.2,19.3,44,2.2,0.0,3.93,1.5953389880545987,9,0,1,0,0,0,0,0,0.42888888888888893,4736.8
8,6.0,sep,mon,91.9,111.7,770.3,6.5,15.7,51,2.2,0.0,0.0,0.0,9,0,1,0,0,0,0,0,0.3019230769230769,5006.95
6,3.0,sep,mon,91.5,130.1,807.1,7.5,20.6,37,1.8,0.0,0.0,0.0,9,0,1,0,0,0,0,0,0.5421052631578948,6053.25
8,6.0,sep,mon,91.5,130.1,807.1,7.5,15.9,51,4.5,0.0,2.18,1.1568811967920856,9,0,1,0,0,0,0,0,0.3057692307692308,6053.25
6,3.0,sep,mon,91.5,130.1,807.1,7.5,12.2,66,4.9,0.0,6.1,1.9600947840472698,9,0,1,0,0,0,0,0,0.18208955223880596,6053.25
2,2.5,sep,mon,91.5,130.1,807.1,7.5,16.8,43,3.1,0.0,5.83,1.9213246735826988,9,0,1,0,0,0,0,0,0.38181818181818183,6053.25
1,4.0,sep,mon,91.5,130.1,807.1,7.5,21.3,35,2.2,0.0,28.19,3.3738261848660236,9,0,1,0,0,0,0,0,0.5916666666666667,6053.25
5,4.0,sep,fri,92.1,99.0,745.3,9.6,10.1,75,3.6,0.0,0.0,0.0,9,1,0,0,0,0,0,0,0.13289473684210526,7154.879999999999
3,4.0,sep,fri,92.1,99.0,745.3,9.6,17.4,57,4.5,0.0,0.0,0.0,9,1,0,0,0,0,0,0,0.3,7154.879999999999
5,4.0,sep,fri,92.1,99.0,745.3,9.6,12.8,64,3.6,0.0,1.64,0.9707789171582247,9,1,0,0,0,0,0,0,0.19692307692307692,7154.879999999999
5,4.0,sep,fri,92.1,99.0,745.3,9.6,10.1,75,3.6,0.0,3.71,1.5496879080283263,9,1,0,0,0,0,0,0,0.13289473684210526,7154.879999999999
4,4.0,sep,fri,92.1,99.0,745.3,9.6,15.4,53,6.3,0.0,7.31,2.1174596088673567,9,1,0,0,0,0,0,0,0.2851851851851852,7154.879999999999
7,4.0,sep,fri,92.1,99.0,745.3,9.6,20.6,43,3.6,0.0,2.03,1.1085626195212777,9,1,0,0,0,0,0,0,0.4681818181818182,7154.879999999999
7,4.0,sep,fri,92.1,99.0,745.3,9.6,19.8,47,2.7,0.0,1.72,1.000631880307906,9,1,0,0,0,0,0,0,0.41250000000000003,7154.879999999999
7,4.0,sep,fri,92.1,99.0,745.3,9.6,18.7,50,2.2,0.0,5.97,1.9416152247724325,9,1,0,0,0,0,0,0,0.36666666666666664,7154.879999999999
4,4.0,sep,fri,92.1,99.0,745.3,9.6,20.8,35,4.9,0.0,13.06,2.6433338863825186,9,1,0,0,0,0,0,0,0.5777777777777778,7154.879999999999
4,4.0,sep,fri,92.1,99.0,745.3,9.6,20.8,35,4.9,0.0,1.26,0.8153648132841945,9,1,0,0,0,0,0,0,0.5777777777777778,7154.879999999999
6,3.0,sep,fri,92.5,122.0,789.7,10.2,15.9,55,3.6,0.0,0.0,0.0,9,1,0,0,0,0,0,0,0.2839285714285714,8054.94
6,3.0,sep,fri,92.5,122.0,789.7,10.2,19.7,39,2.7,0.0,0.0,0.0,9,1,0,0,0,0,0,0,0.4925,8054.94
1,4.0,sep,fri,92.5,122.0,789.7,10.2,21.1,39,2.2,0.0,8.12,2.21046980408624,9,1,0,0,0,0,0,0,0.5275000000000001,8054.94
6,5.0,sep,fri,92.5,122.0,789.7,10.2,18.4,42,2.2,0.0,1.09,0.7371640659767197,9,1,0,0,0,0,0,0,0.42790697674418604,8054.94
4,3.0,sep,fri,92.5,122.0,789.7,10.2,17.3,45,4.0,0.0,3.94,1.597365331199831,9,1,0,0,0,0,0,0,0.3760869565217391,8054.94
7,4.0,sep,fri,88.2,55.2,732.3,11.6,15.2,64,3.1,0.0,0.52,0.41871033485818504,9,1,0,0,0,0,0,0,0.23384615384615384,8494.679999999998
4,3.0,sep,tue,91.9,111.7,770.3,6.5,15.9,53,2.2,0.0,2.93,1.3686394258811698,9,0,0,0,0,0,1,0,0.29444444444444445,5006.95
6,5.0,sep,tue,91.9,111.7,770.3,6.5,21.1,35,2.7,0.0,5.65,1.8946168546677629,9,0,0,0,0,0,1,0,0.5861111111111111,5006.95
6,5.0,sep,tue,91.9,111.7,770.3,6.5,19.6,45,3.1,0.0,20.03,3.0459499897146083,9,0,0,0,0,0,1,0,0.42608695652173917,5006.95
4,5.0,sep,tue,91.1,132.3,812.1,12.5,15.9,38,5.4,0.0,1.75,1.0116009116784799,9,0,0,0,0,0,1,0,0.4076923076923077,10151.25
4,5.0,sep,tue,91.1,132.3,812.1,12.5,16.4,27,3.6,0.0,0.0,0.0,9,0,0,0,0,0,1,0,0.5857142857142856,10151.25
6,5.0,sep,sat,91.2,94.3,744.4,8.4,16.8,47,4.9,0.0,12.64,2.613006652415316,9,0,0,1,0,0,0,0,0.35000000000000003,6252.96
4,5.0,sep,sun,91.0,253.10000000000002,825.1,7.1,13.8,77,7.6,0.0,0.0,0.0,9,0,0,0,1,0,0,0,0.17692307692307693,5858.21
7,4.0,sep,sun,91.0,253.10000000000002,825.1,7.1,13.8,77,7.6,0.0,11.06,2.4898941912990393,9,0,0,0,1,0,0,0,0.17692307692307693,5858.21
3,4.0,jul,wed,91.9,133.6,520.5,8.0,14.2,58,4.0,0.0,0.0,0.0,7,0,0,0,0,0,0,1,0.2406779661016949,4164.0
4,5.0,aug,sun,92.0,203.2,664.5,8.1,10.4,75,0.9,0.0,0.0,0.0,8,0,0,0,1,0,0,0,0.1368421052631579,5382.45
5,4.0,aug,thu,94.8,222.4,698.6,13.9,20.3,42,2.7,0.0,0.0,0.0,8,0,0,0,0,1,0,0,0.472093023255814,9710.54
6,5.0,sep,fri,90.3,253.10000000000002,855.3,7.4,10.3,78,4.0,0.0,18.3,2.9601050959108397,9,1,0,0,0,0,0,0,0.13037974683544304,6329.22
6,5.0,sep,sat,91.2,94.3,744.4,8.4,15.4,57,4.9,0.0,39.35,3.6975913947159578,9,0,0,1,0,0,0,0,0.2655172413793104,6252.96
8,6.0,aug,mon,92.1,207.0,672.6,8.2,21.1,54,2.2,0.0,0.0,0.0,8,0,1,0,0,0,0,0,0.38363636363636366,5515.32
2,2.5,aug,sat,93.7,231.1,715.1,8.4,21.9,42,2.2,0.0,174.63,5.168379509433644,8,0,0,1,0,0,0,0,0.5093023255813953,6006.84
6,5.0,mar,thu,90.9,18.9,31.399999999999977,8.0,8.7,51,5.8,0.0,0.0,0.0,3,0,0,0,0,1,0,0,0.1673076923076923,251.19999999999982
4,5.0,jan,sun,86.15,1.1,171.4,0.0,5.2,83,0.9,0.0,0.0,0.0,1,0,0,0,1,0,0,0,0.06190476190476191,0.0
5,4.0,jul,wed,93.7,101.3,458.8,11.9,19.3,39,7.2,0.0,7.73,2.166765369851511,7,0,0,0,0,0,0,1,0.48250000000000004,5459.72
8,6.0,aug,thu,90.7,194.1,643.0,6.8,16.2,63,2.7,0.0,16.33,2.8524391037275145,8,0,0,0,0,1,0,0,0.253125,4372.4
8,6.0,aug,wed,95.2,217.7,690.0,17.9,28.2,29,1.8,0.0,5.86,1.925707441737794,8,0,0,0,0,0,0,1,0.94,12350.999999999998
9,6.0,aug,thu,91.6,248.4,753.8,6.3,20.5,58,2.7,0.0,42.87,3.7812307151781224,8,0,0,0,0,1,0,0,0.3474576271186441,4748.94
8,4.0,aug,sat,91.6,253.10000000000002,819.1,7.7,21.3,44,4.5,0.0,12.18,2.578700529074361,8,0,0,1,0,0,0,0,0.47333333333333333,6307.070000000001
2,4.0,aug,sun,91.6,181.3,613.0,7.6,20.9,50,2.2,0.0,16.0,2.833213344056216,8,0,0,0,1,0,0,0,0.40980392156862744,4658.8
3,4.0,sep,sun,90.5,96.7,750.5,11.4,20.6,55,5.4,0.0,24.59,3.2422016501716975,9,0,0,0,1,0,0,0,0.3678571428571429,8555.7
5,5.0,mar,thu,90.9,18.9,31.399999999999977,8.0,11.6,48,5.4,0.0,0.0,0.0,3,0,0,0,0,1,0,0,0.236734693877551,251.19999999999982
6,4.0,aug,fri,94.8,227.0,706.7,12.0,23.3,34,3.1,0.0,28.74,3.392492941032009,8,1,0,0,0,0,0,0,0.6657142857142857,8480.400000000001
7,4.0,aug,fri,94.8,227.0,706.7,12.0,23.3,34,3.1,0.0,0.0,0.0,8,1,0,0,0,0,0,0,0.6657142857142857,8480.400000000001
7,4.0,feb,mon,86.15,9.5,58.3,4.1,7.5,71,6.3,0.0,9.96,2.3942522815198695,2,0,1,0,0,0,0,0,0.10416666666666667,239.02999999999997
8,6.0,sep,fri,91.1,91.3,738.1,7.2,20.7,46,2.7,0.0,30.18,3.4397768636296306,9,1,0,0,0,0,0,0,0.4404255319148936,5314.320000000001
1,3.0,sep,sun,91.0,253.10000000000002,825.1,7.1,21.9,43,4.0,0.0,70.76,4.27332721775054,9,0,0,0,1,0,0,0,0.4977272727272727,5858.21
2,4.0,mar,tue,93.4,15.0,31.399999999999977,11.4,15.2,19,7.6,0.0,0.0,0.0,3,0,0,0,0,0,1,0,0.76,357.95999999999975
6,5.0,feb,mon,86.15,4.6,46.7,2.2,5.3,68,1.8,0.0,0.0,0.0,2,0,1,0,0,0,0,0,0.07681159420289854,102.74000000000001
4,5.0,feb,sun,86.15,9.0,56.9,3.5,10.1,62,1.8,0.0,51.78,3.966132331075178,2,0,0,0,1,0,0,0,0.1603174603174603,199.15
4,3.0,sep,sun,90.5,96.7,750.5,11.4,20.4,55,4.9,0.0,3.64,1.534714366238164,9,0,0,0,1,0,0,0,0.36428571428571427,8555.7
5,6.0,aug,sun,91.6,181.3,613.0,7.6,24.3,33,3.6,0.0,3.63,1.5325568680981427,8,0,0,0,1,0,0,0,0.7147058823529412,4658.8
1,2.5,aug,sat,93.7,231.1,715.1,8.4,25.9,32,3.1,0.0,0.0,0.0,8,0,0,1,0,0,0,0,0.7848484848484848,6006.84
9,5.0,jun,wed,93.3,49.5,297.7,14.0,28.0,34,4.5,0.0,0.0,0.0,6,0,0,0,0,0,0,1,0.8,4167.8
9,5.0,jun,wed,93.3,49.5,297.7,14.0,28.0,34,4.5,0.0,8.16,2.214846178686039,6,0,0,0,0,0,0,1,0.8,4167.8
3,4.0,sep,thu,91.1,88.2,731.7,8.3,22.8,46,4.0,0.0,4.95,1.7833912195575383,9,0,0,0,0,1,0,0,0.48510638297872344,6073.110000000001
9,6.5,aug,fri,94.8,227.0,706.7,12.0,25.0,36,4.0,0.0,0.0,0.0,8,1,0,0,0,0,0,0,0.6756756756756757,8480.400000000001
8,6.0,aug,thu,90.7,194.1,643.0,6.8,21.3,41,3.6,0.0,0.0,0.0,8,0,0,0,0,1,0,0,0.5071428571428571,4372.4
2,4.0,sep,wed,87.9,84.8,725.1,3.7,21.8,34,2.2,0.0,6.04,1.951608170169951,9,0,0,0,0,0,0,1,0.6228571428571429,2682.8700000000003
2,2.5,aug,tue,94.6,212.1,680.9,9.5,27.9,27,2.2,0.0,0.0,0.0,8,0,0,0,0,0,1,0,0.9964285714285713,6468.55
6,5.0,sep,sat,87.1,253.10000000000002,860.6,4.0,17.0,67,4.9,0.0,3.95,1.599387576580599,9,0,0,1,0,0,0,0,0.25,3442.4
4,5.0,feb,sat,86.15,8.2,55.0,2.9,14.2,46,4.0,0.0,0.0,0.0,2,0,0,1,0,0,0,0,0.3021276595744681,159.5
4,3.0,sep,fri,90.3,253.10000000000002,855.3,7.4,19.9,44,3.1,0.0,7.8,2.174751721484161,9,1,0,0,0,0,0,0,0.4422222222222222,6329.22
1,4.0,jul,tue,92.3,96.2,450.2,12.1,23.4,31,5.4,0.0,0.0,0.0,7,0,0,0,0,0,1,0,0.73125,5447.42
6,3.0,feb,fri,86.15,7.3,52.8,2.7,14.7,42,2.7,0.0,0.0,0.0,2,1,0,0,0,0,0,0,0.34186046511627904,142.56
7,4.0,feb,fri,86.15,3.2,43.6,3.3,8.2,53,8.200000000000001,0.0,4.62,1.7263316639055997,2,1,0,0,0,0,0,0,0.15185185185185185,143.88
9,4.0,jul,mon,92.3,92.1,442.1,9.8,22.8,27,4.5,0.0,1.63,0.9669838461896731,7,0,1,0,0,0,0,0,0.8142857142857143,4332.580000000001
7,5.0,aug,sat,93.7,231.1,715.1,8.4,26.4,33,3.6,0.0,0.0,0.0,8,0,0,1,0,0,0,0,0.776470588235294,6006.84
5,4.0,aug,sun,93.6,235.1,723.1,10.1,24.1,50,4.0,0.0,0.0,0.0,8,0,0,0,1,0,0,0,0.4725490196078432,7303.31
8,6.0,aug,thu,94.8,222.4,698.6,13.9,27.5,27,4.9,0.0,746.28,6.616439947564594,8,0,0,0,0,1,0,0,0.9821428571428571,9710.54
6,3.0,jul,tue,92.7,164.1,575.8,8.9,26.3,39,3.1,0.0,7.02,2.081938421878423,7,0,0,0,0,0,1,0,0.6575,5124.62
6,5.0,mar,wed,93.4,17.3,31.399999999999977,9.9,13.8,24,5.8,0.0,0.0,0.0,3,0,0,0,0,0,0,1,0.552,310.8599999999998
2,4.0,aug,sun,92.0,203.2,664.5,8.1,24.9,42,5.4,0.0,2.44,1.235471471385307,8,0,0,0,1,0,0,0,0.5790697674418605,5382.45
2,5.0,aug,sun,91.6,181.3,613.0,7.6,24.8,36,4.0,0.0,3.05,1.3987168811184478,8,0,0,0,1,0,0,0,0.6702702702702703,4658.8
8,6.5,aug,wed,91.7,191.4,635.9,7.8,26.2,36,4.5,0.0,185.76,5.229824370102736,8,0,0,0,0,0,0,1,0.7081081081081081,4960.0199999999995
2,4.0,aug,wed,95.2,217.7,690.0,17.9,30.8,19,4.5,0.0,0.0,0.0,8,0,0,0,0,0,0,1,1.54,12350.999999999998
8,6.0,jul,sun,88.9,253.10000000000002,795.9,5.2,29.3,27,3.6,0.0,6.3,1.9878743481543455,7,0,0,0,1,0,0,0,1.0464285714285715,4138.68
1,3.0,sep,sat,91.2,94.3,744.4,8.4,22.3,48,4.0,0.0,0.72,0.5423242908253616,9,0,0,1,0,0,0,0,0.45510204081632655,6252.96
8,6.0,aug,sat,93.7,231.1,715.1,8.4,26.9,31,3.6,0.0,4.96,1.7850704810772584,8,0,0,1,0,0,0,0,0.840625,6006.84
2,2.5,aug,thu,91.6,248.4,753.8,6.3,20.4,56,2.2,0.0,0.0,0.0,8,0,0,0,0,1,0,0,0.35789473684210527,4748.94
8,6.0,aug,thu,91.6,248.4,753.8,6.3,20.4,56,2.2,0.0,0.0,0.0,8,0,0,0,0,1,0,0,0.35789473684210527,4748.94
2,4.0,aug,mon,92.1,207.0,672.6,8.2,27.9,33,2.2,0.0,2.35,1.208960345836975,8,0,1,0,0,0,0,0,0.8205882352941176,5515.32
1,3.0,aug,thu,94.8,222.4,698.6,13.9,26.2,34,5.8,0.0,0.0,0.0,8,0,0,0,0,1,0,0,0.7485714285714286,9710.54
3,4.0,aug,sun,91.6,181.3,613.0,7.6,24.6,44,4.0,0.0,3.2,1.4350845252893227,8,0,0,0,1,0,0,0,0.5466666666666667,4658.8
7,4.0,sep,thu,89.7,253.10000000000002,849.3,6.8,19.4,45,3.6,0.0,0.0,0.0,9,0,0,0,0,1,0,0,0.42173913043478256,5775.24
1,3.0,aug,sat,92.1,178.0,605.3,9.6,23.3,40,4.0,0.0,6.36,1.9960599327407849,8,0,0,1,0,0,0,0,0.5682926829268293,5810.879999999999
8,6.0,aug,thu,94.8,222.4,698.6,13.9,23.9,38,6.7,0.0,0.0,0.0,8,0,0,0,0,1,0,0,0.6128205128205128,9710.54
2,4.0,aug,sun,93.6,235.1,723.1,10.1,20.9,66,4.9,0.0,15.34,2.7936160894318567,8,0,0,0,1,0,0,0,0.3119402985074627,7303.31
1,4.0,aug,fri,90.6,253.10000000000002,811.2,5.5,22.2,45,3.6,0.0,0.0,0.0,8,1,0,0,0,0,0,0,0.4826086956521739,4461.6
2,5.0,jul,sat,90.8,84.7,376.6,5.6,23.8,51,1.8,0.0,0.0,0.0,7,0,0,1,0,0,0,0,0.45769230769230773,2108.96
8,6.0,aug,mon,92.1,207.0,672.6,8.2,26.8,35,1.3,0.0,0.54,0.43178241642553783,8,0,1,0,0,0,0,0,0.7444444444444445,5515.32
8,6.0,aug,sat,89.4,253.10000000000002,768.4,9.7,14.2,73,2.7,0.0,0.0,0.0,8,0,0,1,0,0,0,0,0.19189189189189187,7453.48
2,5.0,aug,sat,93.7,231.1,715.1,8.4,23.6,53,4.0,0.0,6.43,2.005525858729668,8,0,0,1,0,0,0,0,0.43703703703703706,6006.84
1,3.0,sep,fri,91.1,91.3,738.1,7.2,19.1,46,2.2,0.0,0.33,0.2851789422336624,9,1,0,0,0,0,0,0,0.4063829787234043,5314.320000000001
5,4.0,sep,fri,90.3,253.10000000000002,855.3,7.4,16.2,58,3.6,0.0,0.0,0.0,9,1,0,0,0,0,0,0,0.2745762711864407,6329.22
8,6.0,aug,mon,92.1,207.0,672.6,8.2,25.5,29,1.8,0.0,1.23,0.8020015854720274,8,0,1,0,0,0,0,0,0.85,5515.32
6,5.0,apr,mon,87.9,24.9,41.6,3.7,10.9,64,3.1,0.0,3.35,1.4701758451005928,4,0,1,0,0,0,0,0,0.1676923076923077,153.92000000000002
1,2.5,jul,fri,90.7,80.9,368.3,16.8,14.8,78,8.0,0.0,0.0,0.0,7,1,0,0,0,0,0,0,0.18734177215189873,6187.4400000000005
2,5.0,sep,fri,90.3,253.10000000000002,855.3,7.4,16.2,58,3.6,0.0,9.96,2.3942522815198695,9,1,0,0,0,0,0,0,0.2745762711864407,6329.22
5,5.0,aug,sun,94.0,47.9,100.7,10.7,17.3,80,4.5,0.0,0.0,0.0,8,0,0,0,1,0,0,0,0.21358024691358027,1077.49
6,5.0,aug,sun,92.0,203.2,664.5,8.1,19.1,70,2.2,0.0,0.0,0.0,8,0,0,0,1,0,0,0,0.2690140845070423,5382.45
3,4.0,mar,wed,93.4,17.3,31.399999999999977,9.9,8.9,35,8.0,0.0,0.0,0.0,3,0,0,0,0,0,0,1,0.24722222222222223,310.8599999999998
7,4.0,sep,wed,89.7,253.10000000000002,844.0,10.1,10.5,77,4.0,0.0,0.0,0.0,9,0,0,0,0,0,0,1,0.1346153846153846,8524.4
7,4.0,aug,sun,91.6,181.3,613.0,7.6,19.3,61,4.9,0.0,0.0,0.0,8,0,0,0,1,0,0,0,0.31129032258064515,4658.8
4,5.0,aug,wed,95.2,217.7,690.0,17.9,23.4,49,5.4,0.0,6.43,2.005525858729668,8,0,0,0,0,0,0,1,0.46799999999999997,12350.999999999998
1,4.0,aug,fri,90.5,196.8,649.9,16.3,11.8,83,4.9,0.0,9.71,2.3711778844596574,8,1,0,0,0,0,0,0,0.14047619047619048,10593.37
7,4.0,aug,mon,91.5,238.2,730.6,7.5,17.7,65,4.0,0.0,0.0,0.0,8,0,1,0,0,0,0,0,0.2681818181818182,5479.5
4,5.0,aug,thu,89.4,253.10000000000002,803.3,5.6,17.4,54,3.1,0.0,0.0,0.0,8,0,0,0,0,1,0,0,0.31636363636363635,4498.48
3,4.0,aug,thu,91.6,248.4,753.8,6.3,16.8,56,3.1,0.0,0.0,0.0,8,0,0,0,0,1,0,0,0.2947368421052632,4748.94
3,4.0,jul,mon,94.6,160.0,567.2,16.7,17.9,48,2.7,0.0,0.0,0.0,7,0,1,0,0,0,0,0,0.3653061224489796,9472.24
2,4.0,aug,thu,91.6,248.4,753.8,6.3,16.6,59,2.7,0.0,0.0,0.0,8,0,0,0,0,1,0,0,0.27666666666666667,4748.94
1,4.0,aug,wed,91.7,191.4,635.9,7.8,19.9,50,4.0,0.0,82.75,4.427836170705175,8,0,0,0,0,0,0,1,0.3901960784313725,4960.0199999999995
8,6.0,aug,sat,93.7,231.1,715.1,8.4,18.9,64,4.9,0.0,3.32,1.463255402256019,8,0,0,1,0,0,0,0,0.2907692307692307,6006.84
7,4.0,aug,sat,91.6,253.10000000000002,819.1,7.7,15.5,72,8.0,0.0,1.94,1.0784095813505903,8,0,0,1,0,0,0,0,0.21232876712328766,6307.070000000001
2,5.0,aug,sat,93.7,231.1,715.1,8.4,18.9,64,4.9,0.0,0.0,0.0,8,0,0,1,0,0,0,0,0.2907692307692307,6006.84
8,6.0,aug,sat,93.7,231.1,715.1,8.4,18.9,64,4.9,0.0,0.0,0.0,8,0,0,1,0,0,0,0,0.2907692307692307,6006.84
1,4.0,sep,sun,91.0,253.10000000000002,825.1,7.1,14.5,76,7.6,0.0,3.71,1.5496879080283263,9,0,0,0,1,0,0,0,0.18831168831168832,5858.21
6,5.0,feb,tue,86.15,4.4,31.399999999999977,1.9,4.6,82,6.3,0.0,5.39,1.8547342683894434,2,0,0,0,0,0,1,0,0.05542168674698795,59.659999999999954
6,4.0,feb,tue,86.15,4.4,31.399999999999977,1.9,5.1,77,5.4,0.0,2.14,1.144222799920162,2,0,0,0,0,0,1,0,0.06538461538461537,59.659999999999954
2,2.5,feb,sat,86.15,3.6,31.399999999999977,1.8,4.6,59,0.9,0.0,6.84,2.0592388343623163,2,0,0,1,0,0,0,0,0.07666666666666666,56.51999999999996
6,5.0,mar,mon,87.2,15.1,36.9,7.1,10.2,45,5.8,0.0,3.18,1.430311246536665,3,0,1,0,0,0,0,0,0.2217391304347826,261.98999999999995
3,4.0,mar,wed,90.2,18.5,41.1,7.3,11.2,41,5.4,0.0,5.55,1.8794650496471605,3,0,0,0,0,0,0,1,0.26666666666666666,300.03000000000003
6,5.0,mar,thu,91.3,20.6,43.5,8.5,13.3,27,3.6,0.0,6.61,2.0294631718735947,3,0,0,0,0,1,0,0,0.47500000000000003,369.75
6,3.0,apr,sun,91.0,14.6,31.399999999999977,12.3,13.7,33,8.200000000000001,0.0,61.13,4.129228964075603,4,0,0,0,1,0,0,0,0.4029411764705882,386.21999999999974
5,4.0,apr,sun,91.0,14.6,31.399999999999977,12.3,17.6,27,5.8,0.0,0.0,0.0,4,0,0,0,1,0,0,0,0.6285714285714287,386.21999999999974
4,3.0,may,fri,89.6,25.4,73.7,5.7,18.0,40,4.0,0.0,38.48,3.675794214565281,5,1,0,0,0,0,0,0,0.43902439024390244,420.09000000000003
8,3.0,jun,mon,88.2,96.2,229.0,4.7,14.3,79,4.0,0.0,1.94,1.0784095813505903,6,0,1,0,0,0,0,0,0.17875000000000002,1076.3
9,4.0,jun,sat,90.5,61.1,252.6,9.4,24.5,50,3.1,0.0,70.32,4.267176792994939,6,0,0,1,0,0,0,0,0.4803921568627451,2374.44
4,3.0,jun,thu,93.0,103.8,316.7,10.8,26.4,35,2.7,0.0,10.08,2.4051416813191375,6,0,0,0,0,1,0,0,0.7333333333333333,3420.36
2,5.0,jun,thu,93.7,121.7,350.2,17.9,22.7,40,8.200000000000001,0.0,3.19,1.4327007339340463,6,0,0,0,0,1,0,0,0.5536585365853658,6268.579999999999
4,3.0,jul,thu,93.5,85.3,395.0,9.9,27.2,28,1.3,0.0,1.76,1.0152306797290587,7,0,0,0,0,1,0,0,0.9379310344827586,3910.5
4,3.0,jul,sun,93.7,101.3,423.4,14.7,26.1,45,4.0,0.0,7.36,2.1234584270966104,7,0,0,0,1,0,0,0,0.5673913043478261,6223.98
7,4.0,jul,sun,93.7,101.3,423.4,14.7,18.2,82,4.5,0.0,2.21,1.1662709371419244,7,0,0,0,1,0,0,0,0.21927710843373494,6223.98
7,4.0,jul,mon,89.2,103.9,431.6,6.4,22.6,57,4.9,0.0,278.53,5.633109621361155,7,0,1,0,0,0,0,0,0.3896551724137931,2762.2400000000002
9,6.5,jul,thu,93.2,114.4,560.0,9.5,30.2,25,4.5,0.0,2.75,1.3217558399823195,7,0,0,0,0,1,0,0,1.1615384615384614,5320.0
4,3.0,jul,thu,93.2,114.4,560.0,9.5,30.2,22,4.9,0.0,0.0,0.0,7,0,0,0,0,1,0,0,1.3130434782608695,5320.0
3,4.0,aug,sun,94.9,130.3,587.1,14.1,23.4,40,5.8,0.0,1.29,0.8285518175661483,8,0,0,0,1,0,0,0,0.5707317073170731,8278.11
8,6.0,aug,sun,94.9,130.3,587.1,14.1,31.0,27,5.4,0.0,0.0,0.0,8,0,0,0,1,0,0,0,1.1071428571428572,8278.11
2,5.0,aug,sun,94.9,130.3,587.1,14.1,33.1,25,4.0,0.0,26.43,3.311637304949512,8,0,0,0,1,0,0,0,1.2730769230769232,8278.11
2,4.0,aug,mon,95.0,135.5,596.3,17.9,30.6,28,3.6,0.0,2.07,1.1216775615991057,8,0,1,0,0,0,0,0,1.0551724137931036,10673.769999999999
5,4.0,aug,tue,95.1,141.3,605.8,17.7,24.1,43,6.3,0.0,2.0,1.0986122886681096,8,0,0,0,0,0,1,0,0.5477272727272727,10722.659999999998
5,4.0,aug,tue,95.1,141.3,605.8,17.7,26.4,34,3.6,0.0,16.4,2.856470206220483,8,0,0,0,0,0,1,0,0.7542857142857142,10722.659999999998
4,4.0,aug,tue,95.1,141.3,605.8,17.7,19.4,71,7.6,0.0,46.7,3.8649313978942956,8,0,0,0,0,0,1,0,0.26944444444444443,10722.659999999998
4,4.0,aug,wed,95.1,141.3,605.8,17.7,20.6,58,1.3,0.0,0.0,0.0,8,0,0,0,0,0,0,1,0.3491525423728814,10722.659999999998
4,4.0,aug,wed,95.1,141.3,605.8,17.7,28.7,33,4.0,0.0,0.0,0.0,8,0,0,0,0,0,0,1,0.8441176470588235,10722.659999999998
4,4.0,aug,thu,95.8,152.0,624.1,13.8,32.4,21,4.5,0.0,0.0,0.0,8,0,0,0,0,1,0,0,1.4727272727272727,8612.58
1,3.0,aug,fri,95.9,158.0,633.6,11.3,32.4,27,2.2,0.0,0.0,0.0,8,1,0,0,0,0,0,0,1.157142857142857,7159.68
1,3.0,aug,fri,95.9,158.0,633.6,11.3,27.5,29,4.5,0.0,43.32,3.7914360424390283,8,1,0,0,0,0,0,0,0.9166666666666666,7159.68
6,6.0,aug,sat,96.0,164.0,643.0,14.0,30.8,30,4.9,0.0,8.59,2.2607208888953467,8,0,0,1,0,0,0,0,0.9935483870967742,9002.0
6,6.0,aug,mon,96.2,175.5,661.8,16.8,23.9,42,2.2,0.0,0.0,0.0,8,0,1,0,0,0,0,0,0.555813953488372,11118.24
4,5.0,aug,mon,96.2,175.5,661.8,16.8,32.6,26,3.1,0.0,2.77,1.3270750014599193,8,0,1,0,0,0,0,0,1.2074074074074075,11118.24
3,4.0,aug,tue,96.1,181.1,671.2,14.3,32.3,27,2.2,0.0,14.68,2.7523860149222616,8,0,0,0,0,0,1,0,1.1535714285714285,9598.160000000002
6,5.0,aug,tue,96.1,181.1,671.2,14.3,33.3,26,2.7,0.0,40.54,3.7266568184479665,8,0,0,0,0,0,1,0,1.2333333333333332,9598.160000000002
7,5.0,aug,tue,96.1,181.1,671.2,14.3,27.3,63,4.9,0.0,10.82,2.469793011977952,8,0,0,0,0,0,1,0,0.4265625,9598.160000000002
8,6.0,aug,tue,96.1,181.1,671.2,14.3,21.6,65,4.9,0.0,0.0,0.0,8,0,0,0,0,0,1,0,0.32727272727272727,9598.160000000002
7,5.0,aug,tue,96.1,181.1,671.2,14.3,21.6,65,4.9,0.0,0.0,0.0,8,0,0,0,0,0,1,0,0.32727272727272727,9598.160000000002
4,4.0,aug,tue,96.1,181.1,671.2,14.3,20.7,69,4.9,0.0,0.0,0.0,8,0,0,0,0,0,1,0,0.2957142857142857,9598.160000000002
2,4.0,aug,wed,94.5,139.4,689.1,17.9,29.2,30,4.9,0.0,1.95,1.0818051703517284,8,0,0,0,0,0,0,1,0.9419354838709677,12334.89
4,3.0,aug,wed,94.5,139.4,689.1,17.9,28.9,29,4.9,0.0,49.59,3.923753928303845,8,0,0,0,0,0,0,1,0.9633333333333333,12334.89
1,2.5,aug,thu,91.0,163.2,744.4,10.1,26.7,35,1.8,0.0,5.8,1.916922612182061,8,0,0,0,0,1,0,0,0.7416666666666667,7518.44
1,2.5,aug,fri,91.0,166.9,752.6,7.1,18.5,73,8.200000000000001,0.0,0.0,0.0,8,1,0,0,0,0,0,0,0.25,5343.46
2,4.0,aug,fri,91.0,166.9,752.6,7.1,25.9,41,3.6,0.0,0.0,0.0,8,1,0,0,0,0,0,0,0.6166666666666666,5343.46
1,2.5,aug,fri,91.0,166.9,752.6,7.1,25.9,41,3.6,0.0,0.0,0.0,8,1,0,0,0,0,0,0,0.6166666666666666,5343.46
5,4.0,aug,fri,91.0,166.9,752.6,7.1,21.1,71,7.6,0.0,2.17,1.1537315878891892,8,1,0,0,0,0,0,0,0.29305555555555557,5343.46
6,5.0,aug,fri,91.0,166.9,752.6,7.1,18.2,62,5.4,0.0,0.43,0.3576744442718159,8,1,0,0,0,0,0,0,0.28888888888888886,5343.46
8,6.0,aug,sun,86.15,56.7,665.6,1.9,27.8,35,2.7,0.0,0.0,0.0,8,0,0,0,1,0,0,0,0.7722222222222223,1264.6399999999999
4,3.0,aug,sun,86.15,56.7,665.6,1.9,27.8,32,2.7,0.0,6.44,2.0068708488450007,8,0,0,0,1,0,0,0,0.8424242424242424,1264.6399999999999
2,4.0,aug,sun,86.15,56.7,665.6,1.9,21.9,71,5.8,0.0,54.29,4.012592060349841,8,0,0,0,1,0,0,0,0.30416666666666664,1264.6399999999999
7,4.0,aug,sun,86.15,56.7,665.6,1.9,21.2,70,6.7,0.0,11.16,2.498151876538021,8,0,0,0,1,0,0,0,0.29859154929577464,1264.6399999999999
1,4.0,aug,sat,94.4,146.0,614.7,11.3,25.6,42,4.0,0.0,0.0,0.0,8,0,0,1,0,0,0,0,0.5953488372093023,6946.110000000001
6,3.0,nov,tue,86.15,3.0,106.7,1.1,11.8,31,4.5,0.0,0.0,0.0,11,0,0,0,0,0,1,0,0.36875,117.37000000000002
